:100000000020704708B5406803681B6998470038AE
:1000100018BF012008BD10B51446406803685B682E
:100020009847204610BD10B404680968E46BA446E4
:100030005DF8044B604703680A46DB6C1847072AE3
:1000400010B510D80C290ED80D2404FB02009DF821
:10005000082001449DF80C0002431343003B18BFE5
:10006000012381F8493010BD042070477047704764
:1000700070470000004B1847000000000049084787
:10008000000000000148024B184700BF00000000BC
:100090000000000070B504460D4616460021406879
:1000A000044B9847324629466068034BBDE87040D0
:1000B000184700BF000000000000000013B5064B09
:1000C0000C46012201A99847012812BF00209DF883
:1000D0000430237002B010BD0000000010B50446CB
:1000E0003421024B9847204610BD00BF000000009D
:1000F00010B504461421024B9847204610BD00BF9E
:100100000000000010B504460821024B9847204625
:1001100010BD00BF0000000008B5024B9847012049
:1001200008BD00BF000000000B4681681846014B67
:10013000184700BF00000000004B184700000000F7
:1001400010B50446024B0360024B9847204610BD91
:10015000080000000000000010B50446034B98475B
:100160002046E021024B9847204610BD00000000C9
:1001700000000000012A10B50C4602D101600020E9
:1001800010BD022A05D0032AF9D0002AF7D1026057
:10019000F5E70146024B0420984723680360EEE729
:1001A0000000000003681847012A10B50C4602D170
:1001B0000160002010BD022A05D0032AF9D0002AD0
:1001C000F7D10260F5E70146024B04209847236807
:1001D0000360EEE70000000010B40C4603681178DD
:1001E00020785DF8044B1847012A10B50C4602D15F
:1001F0000160002010BD022A05D0032AF9D0002A90
:10020000F7D10260F5E70146024B042098472368C6
:100210000360EEE70000000030B40D4611460468AC
:100220001A782868234630BC0978184770B5044608
:100230000D46054EB04705F10C0104F10C00B04726
:10024000AB69A36170BD00BF00000000002810B5BD
:1002500006D001DA034B9847034BBDE8104018471E
:1002600010BD00BF00000000000000002DE9F041BB
:10027000037904467E2B0F4616461ED8C06808B187
:100280000F4B9847DFF840802179D8F8000000250F
:100290000368DB6A9847D8F80000B542036807DBBB
:1002A0005B6B9847E06840B1BDE8F041054B1847EB
:1002B000795D1B6898470135EDE7BDE8F08100BF27
:1002C000000000000000000000000000004B184784
:1002D00000000000004B1847000000000A20002129
:1002E000004B18470000000010B58368044613B1A6
:1002F000032201469847204610BD000010B5044671
:10030000034B40F8043B034B9847204610BD00BF09
:10031000080000000000000010B50446034B984799
:1003200020461421024B9847204610BD00000000D3
:100330000000000010B50446034B40F8043B034B9B
:100340009847204610BD00BF0800000000000000D4
:1003500010B50446034B984720461421024B98479A
:10036000204610BD000000000000000010B504464B
:10037000034B40F8043B034B9847204610BD00BF99
:10038000080000000000000010B50446034B984729
:1003900020461421024B9847204610BD0000000063
:1003A00000000000D0E901239B1A0269B2EBA30F01
:1003B00084BF00234375407D704710B5D0E90143E9
:1003C0001B1BB1EBA30F3DBF54F821300068D218BE
:1003D000002038BF801810BD38B5051D04460649F9
:1003E0002846064B98470023284623600249044BC1
:1003F0009847204638BD00BF4704000000000000B9
:10040000000000002DE9F041002306460F46182B9E
:1004100006EB030801D1002004E0F558BD4203D1EA
:10042000D8F80400BDE8F0810833002DEFD1124B5D
:100430004FF48460C8F800709847104B04464FF49E
:100440008062294640F8047B98474FF0FF33C8F894
:100450000440C4F80834B369C4F804540133C4F840
:100460000C54C4F81054C4F81454C4F81854C4F804
:100470001C54B361D4E700BF00000000000000007E
:1004800070B5084D296811F0010408D1064B1822F7
:1004900018462146054EB047012384612B6002486F
:1004A00070BD00BF00000000000000000000000060
:1004B00038B5044600F138054FF0FF3205494FF0DA
:1004C000FF332846884794F858412846024B9847FE
:1004D000204638BD000000000000000010B5037980
:1004E00004467E2B05D90368DB689847C0F34703B1
:1004F0002371B3F17F0018BF012010BD70B5044611
:10050000C0680D4608B10A4B98470A4E6908306822
:100510000368DB6A9847306803685B6B9847054659
:10052000E06808B1044B9847B5FA85F0400970BD02
:1005300000000000000000000000000010B5054BA6
:1005400090F830100446984710B194F8300010BD70
:10055000FF20FCE70000000010B5044B017C0446BE
:10056000984708B1207C10BDFF20FCE70000000088
:10057000002307B50822CDE900336946024B9847AE
:1005800003B05DF804FB00BF000000007FB5072941
:1005900005460C461846039218DC1F2300930023DF
:1005A000642219460A4EB0479DF80D309DF80E2082
:1005B0001B0443EA0223C0B29DF80C20034343EA24
:1005C0000263043443F0E00345F8243004B070BD06
:1005D000000000002022024B00F11001184700BF6C
:1005E00000000000F0B5002304464F09251AEEB2C2
:1005F000C5F34215BD4207D30023184601F01F0181
:1006000099420BDC1060F0BD14F8015B01362B43FE
:10061000F50608BF42F8043B5B00E7E7E55CC3F181
:100620001F06B54028430133EAE7000070B50446D1
:100630008AB008461B4B114605AE04F1BC02984730
:100640000025D4F8C830C4F8C8600126D4F8BC002E
:10065000D4F8C010D4F8C420089393FAA3F30493F9
:10066000D4F8DC3005900691079290FAA0F091FA48
:10067000A1F192FAA2F20995C4F8B850C4F8CC607E
:10068000019002910392C4F8D05003B19847064BF1
:1006900084F8D96001A898470023C4F8D0300AB084
:1006A00070BD00BF0000000000000000F7B5054667
:1006B0000724294E294F013C2ED1012D31D121464D
:1006C0003220264EB04721463520B047244B1B78B8
:1006D000F3B1032D4FF0FF3618BF0026F6B2012DFF
:1006E00031D0022D33D10022FF2311468DF8053081
:1006F0008DF806108DF8042021461923019A194817
:10070000194F0134B847082CE9D11648174B9847C0
:10071000174B1D6003B0F0BD012116F8040BB8475C
:10072000C9E7022D06D1214633200C4EB0472146A1
:100730003620CAE7032DC9D121463420074EB047E1
:1007400021463720C1E70023FF221946CEE70023C8
:1007500031461A46CAE700BF400000000000000012
:100760000000000000000000000000000000000089
:10077000000000002DE9F0412E4B9CB01B78002BAF
:1007800034D02D4B00241A6840F2E733934228BF3F
:1007900013460A20B3FBF0F1224600FB11357032FC
:1007A0006A4402F86C5C1A460134092A0B46E4B22A
:1007B000F0D802AD214B6822002128469847002737
:1007C0004FF0FF0CA300013BDBB2C3F10D0303EBC1
:1007D000D373C3F3470301AEDFF868802B4426448C
:1007E000FAB2944205D82846154B98471CB0BDE88C
:1007F000F0811846002116F8012D02EB82024244D6
:1008000012F801EB1EF0040F18BF80F80DC01EF0A7
:10081000020F18BF80F80EC01EF0010F01D080F843
:100820000FC00131C9B2052900F10D00E8D101372F
:100830000433D5E7000000000000000000000000C5
:10084000000000000C0000000C4B10B518700C4BA1
:10085000984700220B4B40F2E63118600A4B1A60B1
:100860004FF0FF32094B1A60094A13688B429CBF54
:1008700001331360BDE81040064B1847000000002C
:100880000000000000000000000000000000000068
:100890000000000000000000002008B5084B1870A0
:1008A000084B1860084B1870084B1870084B984795
:1008B000084B1B7813B10848084B984708BD00BF88
:1008C0000000000000000000000000000000000028
:1008D0000000000000000000000000000000000018
:1008E000034B1878034B1B7843EA4000704700BF66
:1008F00000000000000000002DE9F047254F264BC6
:10090000032804460D46164628BF0024D7F8009059
:100910009847224BDFF8B08018606CB9204B1B78E9
:1009200023B9204A3B681268134301D01E4B9847F5
:100930004346BDE8F04718473C601C4B1C4FA1459F
:100940001D703E7016D0002D14BF20460020194B9C
:100950009847012C14BF02200120174B98473B7881
:10096000002BE5D1154B1B78002BE1D01448154B1B
:100970009847DDE70A4B1B78002BF0D1002D14BF00
:100980004C460024074B1B68A342E8D02046094B85
:100990009847E4E7000000000000000000000000AD
:1009A0000000000000000000000000000000000047
:1009B0000000000000000000000000000000000037
:1009C00000000000000000000000000000220C4BAE
:1009D00010B51A600B4B044618700B4B19700B4B7B
:1009E00098470B4B002C186014BF03200020094BC4
:1009F0009847094B03209847BDE81040074B18471C
:100A000000000000000000000000000000000000E6
:100A100000000000000000000000000000000000D6
:100A20002DE9F0412DED028B7C4B84B01D78002D1B
:100A300062D07B4A1468041BB4F57A7F17D3002276
:100A40001A70784B1B7813B17748784B9847032D71
:100A50000BD0774B187808B1764B1868764B04B0FA
:100A6000BDEC028BBDE8F04118470020F6E7734A61
:100A7000136813B1C31A272B3ED9012D106040D142
:100A80006423B4FBF3F46E4B1B78EBB1684B1B781B
:100A9000D3B114F0010F0CBF4FF032084FF0000833
:100AA0000025684E684F73783278B17842EA0322A5
:100AB00042EA01424346294664480135B847082DB9
:100AC000F1D16248624B9847564B1B78A3B1614BFA
:100AD0001B788BB1E1070FD45F4D2B68A3420BD07D
:100AE0004FF4DC723223CDE9022308224E485B4BDF
:100AF0000DEB020198472C6004B0BDEC028BBDE801
:100B0000F081022D4BD107EE904ADFED556AF8EEE9
:100B1000E77AB7EE008A87EEA67A38EE478A484B26
:100B200028EE088A1B78FBB1414B1B78E3B1DFED5F
:100B30004D7A68EE277AFDEEE77A0024CDED017A52
:100B4000494D414E6B782A78A97842EA032242EA5D
:100B500001429DF8043021463C480134B047082C3E
:100B6000F0D13A483A4B98472E4B1B78002BC3D014
:100B7000384B1B78002BBFD0DFED3C7A28EE278A5C
:100B8000BDEEC88A18EE103AB43302932D23082222
:100B900003932548314B0DEB02019847ACE7032D39
:100BA000AAD14FF47A732401B4FBF3F4244B1B78DD
:100BB0000BB31F4B1B78F3B12022E0212C482D4BA7
:100BC0009847264664252C4FDFF87C807B783A785E
:100BD000B97842EA03222B46143D42EA01421B48FF
:100BE00006F00701EDB2C047142D06F1FF36EDD136
:100BF0001648174B98470B4B1B78002B3FF47CAFE4
:100C0000144B1B78002B3FF477AF631C4FF4257413
:100C1000B4FBF3F4B4340294B8E700BF0000000062
:100C200000000000000000000000000000000000C4
:100C300000000000000000000000000000000000B4
:100C400000000000000000000000000000000000A4
:100C50000000000000000000000000000000000094
:100C600000007A440000C842000000000000254453
:100C70001000000000000000000000000D4B10B547
:100C800098470D4B1B6813B90C4B1B7873B140F29E
:100C9000DB520B4B1B68C31A934207D9094B984789
:100CA000BDE8104064200021074B1847074B9847C8
:100CB000F6E700BF00000000000000000000000098
:100CC0000000000000000000000000000000000024
:100CD00010B50446006818B1A168024B091A98477C
:100CE000204610BD0000000008B50248024B98479E
:100CF00008BD00BF000000000000000008B5024869
:100D0000024B984708BD00BF000000000000000033
:100D100010B5D0E901431B1BB1EBA30F3DBF036826
:100D200054F82110D218002038BF505C10BD0000CC
:100D300008B5D0E90132D31AB1EBA30F14D2104B8E
:100D400000229847030611D58F2811D99F2811D961
:100D5000BF2811D9C02806D0C12804D0C3280DD976
:100D6000E02828BFE02008BDC120FCE70020FAE70A
:100D70008020F8E79020F6E7A020F4E7C220F2E711
:100D80000000000008B5024B0169984708BD00BF8C
:100D90000000000073B50569D0E901639B1BB5EB4A
:100DA000A30F044603D300234375002016E001235C
:100DB00043750D4B9847D22805F1010310D12361EB
:100DC00056F825002268031D134401A9024413F8B4
:100DD00001099A4201F8010BF9D1019802B070BDE6
:100DE000002223616275E0E70000000073B5056929
:100DF000D0E901639B1BB5EBA30F044604D300238A
:100E000043750020002118E0012343750E4B9847DD
:100E1000D32805F1010312D16946236156F8250054
:100E2000226800F108031344024413F801099A42AE
:100E300001F8010BF9D1DDE9000102B070BD00221B
:100E400023616275DDE700BF0000000070B5066930
:100E5000D0E901239B1AB6EBA30F044603D300236A
:100E60004375002008E00125064B45759847C028CA
:100E70002E4402D12846266170BD00232661637589
:100E8000EFE700BF0000000008B5064B9847902828
:100E900006D02430C0B201288CBF0020012008BD3C
:100EA0000120FCE70000000008B5064B98478028A9
:100EB00006D02230C0B201288CBF0020012008BD1E
:100EC0000120FCE70000000070B50569D0E901636E
:100ED0009B1BB5EBA30F044603D3002343750020EF
:100EE00014E0012343750C4B9847D12805F1010309
:100EF0000DD10020236156F82520236813449A78E9
:100F00005B7862F3070063F30F2000B270BD00222C
:100F100023616275E3E700BF0000000073B5056957
:100F2000D0E901639B1BB5EBA30F044604D3002358
:100F300043759FED100A17E0012343750E4B984748
:100F4000CA2805F1010311D1236156F82500226852
:100F5000031D134401A9024413F801099A4201F840
:100F6000010BF9D19DED010A02B070BD0022236191
:100F70006275DEE7000000000000000000000000D5
:100F800073B50569D0E901639B1BB5EBA30F04465C
:100F900004D3002343759FED120B18E00123437522
:100FA000114B9847CB2805F1010312D16946236103
:100FB00056F82500226800F108031344024413F890
:100FC00001099A4201F8010BF9D19DED000B02B025
:100FD00070BD002223616275DDE700BFAFF30080C2
:100FE00000000000000000000000000038B50569A6
:100FF000D0E901239B1AB5EBA30F044603D30023CA
:10100000437500200EE001234375094B9847E02803
:1010100005F1010307D12361002229462046054B33
:10102000984740B238BD002223616275E9E700BFEE
:10103000000000000000000038B50569D0E9012378
:101040009B1AB5EBA30F044603D30023437500207E
:101050000DE001234375084B98476B1C024638B9D5
:10106000236129462046054B984700F07F0038BD94
:10107000002223616275EAE7000000000000000022
:1010800070B50569D0E901239B1AB5EBA30F04469F
:1010900003D30023437500200DE00126084B46755D
:1010A0009847CC2805EB060306D123613246294632
:1010B0002046044B984770BD002223616275EAE721
:1010C000000000000000000010B5D0E901431B1B28
:1010D000B1EBA30F0DD254F821301A44036800205D
:1010E000991849789B5C61F3070063F30F2080B285
:1010F00010BD0020FCE7000070B50569D0E90123B0
:101100009B1AB5EBA30F044603D3002343750020BD
:101110000DE00126084B46759847CD2805EB0603E0
:1011200006D12361324629462046044B984770BDBC
:10113000002223616275EAE7000000000000000061
:1011400013B5D0E901431B1BB1EBA30F10D254F828
:10115000213001681A44131D0B4401A8114413F8EF
:10116000012D8B4200F8012BF9D1019802B010BD7E
:101170000020FBE738B5404B04460D469847002851
:1011800076D08038602871D8DFE800F07270707017
:10119000707070707070707070707070727070704D
:1011A0007070707070707070707070703F70707070
:1011B000707070707070707070707070707070702F
:1011C000707070707070707070707070727072701B
:1011D000484F565D62693539743135397431353966
:1011E0003133373B3D484F5631353135720003209E
:1011F00038BD0420FCE70520FAE70620F8E70920BF
:10120000F6E70A20F4E71220F2E7002229462046FA
:101210001A4B984700F01F000130E9E701222946E8
:101220002046164B98470230E2E701222946204625
:10123000134B98470330DBE7012229462046114B28
:1012400098470530D4E70122294620460B4BF0E7AA
:101250000122294620460A4B98470430C8E701225C
:1012600029462046074B98470630C1E70020BFE7D4
:101270000120BDE70220BBE70000000000000000E5
:10128000000000000000000070B50569D0E90123EE
:101290009B1AB5EBA30F044603D30023437500202C
:1012A00013E00126124B46759847DC2805EB060330
:1012B0000CD0DD2811D0902815D1236100222946B9
:1012C00020460C4B984700F00F0070BD324629466F
:1012D00020462361084B9847F7E7236132462946A9
:1012E0002046064BF7E7002223616275D7E700BF6F
:1012F00000000000000000000000000000000000EE
:1013000070B50569D0E901239B1AB5EBA30F04461C
:1013100003D30023437500200DE00126084B4675DA
:101320009847CE2805EB060306D1236132462946AD
:101330002046044B984770BD002223616275EAE79E
:10134000000000000000000070B50569D0E901232D
:101350009B1AB5EBA30F044603D30023437500206B
:1013600013E00126124B46759847DE2805EB06036D
:101370000CD0DF2811D0802815D123610022294606
:1013800020460C4B984700F00F0070BD32462946AE
:1013900020462361084B9847F7E7236132462946E8
:1013A0002046064BF7E7002223616275D7E700BFAE
:1013B000000000000000000000000000000000002D
:1013C00013B5D0E901431B1BB1EBA30F12D254F8A4
:1013D0002130016868461A4402F108030B441144A5
:1013E00013F8012D8B4200F8012BF9D1DDE9000142
:1013F00002B010BD00200021FAE7000070B50569B9
:10140000D0E901239B1AB5EBA30F044604D30023B4
:101410004375002001460DE00126094B46759847AB
:10142000CF2805EB060306D1236132462946204624
:10143000044B984770BD002223616275E9E700BF45
:10144000000000000000000010B5D0E901431B1BA4
:10145000B1EBA30F2FBF0020036854F82110D2185E
:1014600038BF505C40B210BD70B50569D0E90123AA
:101470009B1AB5EBA30F044603D30023437500204A
:101480000DE00126084B46759847D02805EB06036A
:1014900006D12361324629462046044B984770BD49
:1014A000002223616275EAE70000000000000000EE
:1014B00010B5084B04469847D62808D1064B0122A0
:1014C000204621699847431C5842584110BD0020CE
:1014D000FCE700BF000000000000000010B5084B52
:1014E00004469847D72808D1064B01222046216997
:1014F0009847431C5842584110BD0020FCE700BFEC
:10150000000000000000000038B50C4B044698476E
:10151000C72811D12569022229462046084B984741
:10152000013009D1074B0122294620469847A0F1F6
:101530000C035842584138BD0020FCE70000000071
:10154000000000000000000010B5D0E901431B1BA3
:10155000B1EBA30F3DBF036854F82110D21800204F
:1015600038BF505C10BD000038B5037D04460D4601
:101570001BB1D0E90123934203D1002363750020FE
:1015800038BD9B1A0269B2EBA30FF6D2044B984701
:101590002860637D002BF2D02046024B9847EFE78E
:1015A000000000000000000038B5037D04460D4631
:1015B0001BB1D0E90123934203D1002363750020BE
:1015C00038BD9B1A0269B2EBA30FF6D2044B9847C1
:1015D0002870637D002BF2D02046024B9847EFE73E
:1015E000000000000000000070B5037D04460D46B9
:1015F0001BB1D0E90123934203D10023637500207E
:1016000070BD06699B1AB6EBA30FF6D20123437592
:101610000C4B9847C22806F101030FD12361002229
:1016200031462046084B984700F001002870637D42
:10163000002BE4D02046054B9847E1E700202361CA
:101640006075F3E7000000000000000000000000EB
:101650002DE9F043037D04460E4685B01BB1D0E969
:101660000123934205D100236375002005B0BDE836
:10167000F08305699B1AB5EBA30FF4D20127464B03
:1016800047759847DA28454B6CD00BD8A02824D052
:10169000D9284DD00022013541496275256101A844
:1016A00098472FE0DB28F5D13D4901A898473A46F5
:1016B000204621693B4B984700250746DFF8FC8010
:1016C000DFF8FC90AF4221691AD06A1D2046C0475E
:1016D000014601A8C8470135F4E7314901A89847F8
:1016E000002220462169304B98470025DFF8CC8046
:1016F000DFF8CC9000F01F07EBB2BB4221690FD39B
:1017000001312161294B01A930469847284B01A896
:101710009847637D002BA8D02046264B9847A5E725
:1017200001352A462046C047014601A8C847E3E7DD
:101730001B4901A898473A46204621691A4B984709
:1017400000250746DFF87480DFF87490EBB2BB42E7
:101750002169D5D2AA1C2046C047014601A8C84726
:101760000135F3E70E4901A898473A46204621691A
:10177000114B984700250746DFF84080DFF840907E
:10178000ABB29F422169BBD9EA1C2046C047014643
:1017900001A8C8470135F3E7000000000000000081
:1017A00047040000000000000000000000000000EE
:1017B0000000000000000000000000000000000029
:1017C000000000002DE9F041037D04460E461BB1E8
:1017D000D0E90123934204D1002363750020BDE8C2
:1017E000F08107699B1AB7EBA30FF5D2012343756C
:1017F0001F4B984707F1010890B11E4B0222394652
:101800002046C4F81080984700231D46C6E900030F
:10181000B560637D002BE1D02046174B9847DEE78B
:101820002046164B984750B1154B022239462046A8
:10183000C4F8108098478D0801F00303E6E72046BE
:10184000104B9847054670B103223946094B204694
:1018500098470B4B0546072239462046C4F81080AE
:1018600098470B46D2E703466075C4F81080CDE771
:101870000000000000000000000000000000000068
:10188000000000000000000010B50446006818B118
:10189000A168024B091A9847204610BD00000000BD
:1018A00010B50446064B00F596709847054B04F5B5
:1018B0008C709847044B04F586709847204610BDFD
:1018C0000000000000000000000000002DE9F843C7
:1018D0006FF06043D0E90084A4EB0804B3EBA40FDD
:1018E000074689464FEAA40202D11848184B984788
:1018F000012A114638BF0121521802D2934228BF53
:1019000013469E003046134B9847134B011905466A
:1019100004209847D9F80030002C036004DD2246EB
:10192000414628460D4B984704342C44B8F1000F2B
:1019300005D0B96840460A4BA1EB08019847C7E9B2
:1019400000543544BD60BDE8F88300BFC904000001
:101950000000000000000000000000000000000087
:10196000000000002DE9F743044616460025184FF5
:10197000DFF86080DFF8609001600195AE42A168F9
:101980000FD8636851F8045CC91A891020460139E0
:10199000B8472844831B58425841207503B0BDE81E
:1019A000F083E36899420ED00420C8470560A3681D
:1019B0000433A360D4E90131C91A891020460139E2
:1019C000B8470544D9E701A9201DC047F2E700BF89
:1019D0000000000000000000000000002DE9F041C0
:1019E000044600F130070E4615464FF0FF334FF026
:1019F000FF3238460649884720462946054B40F8BD
:101A0000046B98473846BDE8F041034B184700BFC8
:101A100000000000000000000000000038B504468F
:101A200000F130054FF0FF3207494FF0FF332846F1
:101A3000884724682846002CD4BF00240124034B87
:101A40009847204638BD00BF00000000000000009D
:101A5000034610B5D3E90034E41A6FF00043104692
:101A60001A1B8A4201D2074B9847A14238BF214630
:101A7000091904D2994228BF1946084610BD1846D4
:101A8000FCE700BF000000002DE9F047D0E901436A
:101A90009C4205468946DFF878A00AD021460120FD
:101AA000D04799F8003003706B6801336B60BDE874
:101AB000F0870121114A124B9847124B2F6880463C
:101AC0009847E41B011906460120D04799F80030D9
:101AD000002C037004DD2246394630460A4B9847F5
:101AE0000134344427B1A9683846084BC91B9847CC
:101AF000C5E900644644AE60D9E700BFC9040000F0
:101B000000000000000000000000000000000000D5
:101B10000000000007B5044B8DF807100DF1070118
:101B2000984703B05DF804FB0000000010B50446C0
:101B3000034BC0219847E3680133E36010BD00BF49
:101B4000000000002DE9F047D0E901439C42054622
:101B50008946DFF878A00AD021460120D04799F8BD
:101B6000003003706B6801336B60BDE8F0870121C2
:101B7000114A124B9847124B2F6880469847E41B36
:101B8000011906460120D04799F80030002C037057
:101B900004DD2246394630460A4B98470134344426
:101BA00027B1A9683846084BC91B9847C5E90064A6
:101BB0004644AE60D9E700BFC90400000000000041
:101BC0000000000000000000000000000000000015
:101BD00037B504460D46074BCC2198472046064BA7
:101BE0000DF107018DF807509847E3680133E36072
:101BF00003B030BD00000000000000002DE9F047F8
:101C0000D0E901439C4205468946DFF878A00AD016
:101C100021460120D04799F8003003706B680133EA
:101C20006B60BDE8F0870121114A124B9847124BB7
:101C30002F6880469847E41B011906460120D047CB
:101C400099F80030002C037004DD224639463046F6
:101C50000A4B98470134344427B1A9683846084BE9
:101C6000C91B9847C5E900644644AE60D9E700BF88
:101C7000C904000000000000000000000000000097
:101C80000000000000000000F8B505460E460324E1
:101C9000034F31192846B847013CFAD2F8BD00BFBE
:101CA0000000000013B504460191064BCE21984771
:101CB0002046054B01A99847E3680133E36002B071
:101CC00010BD00BF000000000000000070B5054618
:101CD0000C46044E0131B047214628463346BDE844
:101CE00070401847000000000F2913B504460BD8B8
:101CF00061F06F018DF804100D4B01A99847E3685E
:101D00000133E36002B010BDB1F5803F094B08D24A
:101D1000ADF80410DC2198472046074B01A99847ED
:101D2000EDE70191DD2198472046044B01A9F6E734
:101D300000000000000000000000000000000000A3
:101D400013B50446ADF80610064BCD219847204642
:101D5000054B0DF106019847E3680133E36002B0DB
:101D600010BD00BF00000000000000007E2913B578
:101D700004460AD80D4B8DF807100DF1070198475E
:101D8000E3680133E36002B010BDFF2903D8084BBC
:101D9000C9B29847F7E7B1F5803F03D2054B89B246
:101DA0009847F0E7044B9847EDE700BF00000000BC
:101DB000000000000000000000000000F7B50C1E4D
:101DC000054623DBE3177F2C73F1000208D28DF860
:101DD000044001A9244B9847EB680133EB6007E00E
:101DE000B4F5807F73F1000204D2204BE1B2984732
:101DF00003B0F0BDB4F5803F73F1000303D21C4B78
:101E0000A1B29847F4E71B4B9847F1E714F11E0F76
:101E100001AE03DB31468DF80440DBE714F1800F9F
:101E2000154B06DBD0219847314628468DF80440F3
:101E3000D0E714F5004F114F0BDBD121ADF8044072
:101E4000984728460DF10501B84731462846B8475E
:101E5000C2E70194D2219847032431192846B84794
:101E6000013CFAD2B8E700BF00000000000000000B
:101E70000000000000000000000000000000000062
:101E80002DE9F84F04460F46DFF890A001EB020B56
:101E9000BB4501D1BDE8F88FD4E901539D4209D07B
:101EA00029460120D0473B780370636801336360A3
:101EB0000137EDE70121144A144B20469847144B93
:101EC000D4F8008081469847A5EB080541190646DD
:101ED0000120D0473B78002D037004DD2A4641469F
:101EE00030460C4B984701353544B8F1000F05D00A
:101EF000A1684046084BA1EB08019847C4E900657A
:101F00004E44A660D4E700BFC904000000000000F2
:101F100000000000000000000000000000000000C1
:101F2000F7B58D6804461F2D0F68174E0FD865F062
:101F30005F038DF8043001A9144B98472A463946AF
:101F40002046B047E3680133E36003B0F0BDFF2DE6
:101F50000F4B06D8D921984720468DF8045001A987
:101F6000EAE7B5F5803F08D2DA2198472046094BC9
:101F7000ADF8045001A99847E0E7DB2198472046D7
:101F8000054B019501A9F6E70000000000000000E4
:101F900000000000000000000000000038B50C4602
:101FA00005460221074B984754F8041B2846064B68
:101FB000984728462146054B98472846044B9847A2
:101FC00038BD00BF0000000000000000000000005D
:101FD00000000000F0B51D4B064689B008460F46CC
:101FE000144698470546B0B919491A4B01A89847B5
:101FF000FD2301A9049305A8174B9847174D01A885
:10200000A8472046164B04A9984705A8A8470025CD
:10201000284609B0F0BD0023694600933846114BAD
:102020009847009B0BB11049DFE7F3680BB90F4BE2
:1020300098473369301D984706460D4B2046984710
:10204000314620460B4B9847E2E700BF00000000F6
:102050002A02000000000000000000000000000054
:1020600000000000000000004A0200000000000024
:10207000000000000000000038B50569D0E9012328
:102080009B1AB5EBA30F044603D30023437500202E
:102090001CE001234375214B984728B300F134031A
:1020A000DBB2142B35D8CC38142832D8DFE800F056
:1020B0001F22252B0F1215183131313131313131B9
:1020C000313131310B002046154B984738BD204641
:1020D000144BFAE72046144BF7E72046134BF4E77E
:1020E0002046134B9847F1E72046124BEDE7204678
:1020F000114BEAE72046114BE7E72046104B984783
:1021000020EAE070E2E720460E4B98470029DDDA2E
:10211000BDE70023013563752561B8E700000000C5
:1021200000000000000000000000000000000000AF
:10213000000000000000000000000000000000009F
:10214000000000000000000038B5037D04460D4685
:102150001BB1D0E90123934203D100236375002012
:1021600038BD9B1A0269B2EBA30FF6D2044B984715
:102170002860637D002BF2D02046024B9847EFE7A2
:10218000000000000000000038B50569D0E9012317
:102190009B1AB5EBA30F044604D3002343759FEDB0
:1021A0002F0A21E0012343752D4B9847A8B100F178
:1021B0003603DBB2162B4BD8CA38162848D8DFE8CE
:1021C00000F03B3F14171A1D2D3033364747474761
:1021D000474747474747474725002046214B9847F1
:1021E00000EE100AB8EE400A38BD20461E4BF6E756
:1021F00020461E4BF3E720461D4BF0E71D4B2046C3
:1022000098471D4B984700EE100AEDE720461B4B00
:10221000984700EE100AB8EEC00AE5E72046184BD2
:10222000F6E72046174BF3E72046174BF0E7174B2E
:1022300020469847164BE5E72046164B9847D3E7CC
:102240002046154B9847154B51EC100B9847DAE791
:102250000023013563752561A1E700BF0000000080
:10226000000000000000000000000000000000006E
:10227000000000000000000000000000000000005E
:10228000000000000000000000000000000000004E
:10229000000000000000000000000000000000003E
:1022A00038B50569D0E901239B1AB5EBA30F0446A5
:1022B00004D3002343759FED2C0B21E001234375CC
:1022C0002B4B9847A8B100F13603DBB2162B46D84A
:1022D000CA38162843D8DFE800F0363E14171A1D16
:1022E000282B2E3142424242424242424242424224
:1022F000230020461F4B98471F4B984741EC100B7B
:1023000038BD20461D4BF6E720461D4BF3E720461F
:102310001C4BF0E71C4B204698471C4B9847EDE7B9
:1023200020461B4B98471B4BE7E720461A4BF9E723
:1023300020461A4BF6E72046194BF3E7194B204687
:102340009847194BEAE72046184B9847184B10EE70
:10235000100A9847D2E72046164B9847D0E700234B
:10236000013563752561A6E700000000000000004C
:10237000000000000000000000000000000000005D
:10238000000000000000000000000000000000004D
:10239000000000000000000000000000000000003D
:1023A000000000000000000000000000000000002D
:1023B000000000000000000070B5037D04460E46DA
:1023C00015461BB1D0E90123934203D10023637565
:1023D000002070BD9B1A0269B2EBA30FF6D2054B29
:1023E00098473060637D002BF2D029462046024B8F
:1023F0009847EEE70000000000000000F8B5064630
:102400000F4615460024AC4201D32046F8BD306883
:102410002A1B036839199B6898470444F3E70000B6
:102420002DE9F04300240E46054685B0D0F8188407
:1024300004216846DFF870901746CDE90244CDE9E3
:102440000044C84721466846124B984741466846B3
:10245000114B98473146114B6846984721466846CC
:10246000C847DDE90016761A0D4B324628469847D4
:10247000864204BF0124D5F81834684604BF0133EE
:10248000C5F81834074B98470CB1C7F8008005B061
:10249000BDE8F08300000000000000000000000024
:1024A0000000000000000000000000002DE9FF47D0
:1024B000002489461E460546D0F818840421684643
:1024C000DFF874A01746CDE90244CDE90044D047B7
:1024D00021466846144B9847144B41466846984736
:1024E00049466846DFF85490C84701216846D047FE
:1024F00031466846C847DDE90016761A0C4B32466D
:1025000028469847864204BF0124D5F81834684607
:1025100004BF0133C5F81834064B98470CB1C7F80F
:10252000008004B0BDE8F08700000000000000005B
:10253000000000000000000000000000000000009B
:102540002DE9F04304460D461646DFF89490DFF877
:10255000948085B000F12407642200233846C847E0
:10256000002831D12368CDE90200CDE90000DFF871
:10257000789068460321D3F80080144CC847684619
:102580000221A047124B2946684698476846012118
:10259000C84768463168A047DDE90014641A0D4B4E
:1025A000224640469847844208BFD8F81834684607
:1025B00004BF0133C8F81834074B98473846074B17
:1025C00005B0BDE8F0431847C047C5E7000000006C
:1025D00000000000000000000000000000000000FB
:1025E00000000000000000000000000008B5D1F865
:1025F00004315A1C08D0D1E946128A4204D0022B79
:1026000002D0024B521A984708BD00BF00000000DC
:102610002DE9F041044600F130070E4615464FF013
:10262000FF334FF0FF323846064988472046294697
:10263000054B40F8046B98473846BDE8F041034B22
:10264000184700BF0000000000000000000000006C
:102650002DE9FF4104468846002517461E46144BC7
:1026600098474146C4E90455124B04F118009847B5
:102670000A9B2946E36204F1300314221846C4E998
:1026800009760D4DA8470B9A0C4B626498470C498C
:102690000C4B01A89847FF21204601AA0A4B9847F6
:1026A0000A4B01A89847204604B0BDE8F08100BF5E
:1026B000000000000000000000000000000000001A
:1026C0000104000000000000000000000000000005
:1026D00038B5044600F130054FF0FF3207494FF09E
:1026E000FF332846884724682846002CD4BF00249E
:1026F0000124034B9847204638BD00BF000000006E
:1027000000000000034670B508465418D3F80414BE
:102710008C421DD8B8B16FF003060432091A1A446E
:10272000F61AB518A9420FD8D3F81024C3F8041428
:1027300094428DBF0022121AC3F81024C3F810244B
:1027400088BFC3F8142470BD155C02F8015BE8E78C
:102750000020F8E710B5094B0022D0F80C1404460D
:1027600098474FF0FF33C4F808340023C4F80C3402
:10277000D4F81C340133C4F81C3410BD0000000030
:102780002DE9F041037D04460D4616461BB1D0E904
:102790000123934203D10023637500202AE09B1A92
:1027A00002694FEAA308B2EBA30FF4D2124A134F07
:1027B000136813F0010302BF3B6001231360104B49
:1027C0009847637D3860002BE7D023699845E2D9AC
:1027D0000C4B204698472860637D002BDDD00A4BC8
:1027E0002046291D9847637D002BD6D031462046D0
:1027F000064B9847BDE8F081000000000000000093
:1028000000000000000000000000000000000000C8
:102810002DE9F04105460E4600241C27DFF82080F4
:10282000D5F8F03AA34202D80020BDE8F081314645
:1028300007FB0450C0470028F7D10134F0E700BF80
:102840000000000038B50569D0E901239B1AB5EBFB
:10285000A30F044603D300234375002013E0012394
:102860004375124B984758B100F13403DBB2032B88
:1028700017D8CD38022807D8DFE800F0090C0F0080
:1028800020460B4B984738BD20460A4BFAE72046B6
:10289000094BF7E72046094BF4E72046084B9847D9
:1028A000F1E70023013563752561D6E700000000DC
:1028B0000000000000000000000000000000000018
:1028C0000000000070B5037D04460E4615461BB19E
:1028D000D0E90123934203D100236375002070BD2A
:1028E0009B1A0269B2EBA30FF6D2054B98473060F2
:1028F000637D002BF2D029462046024B9847EEE735
:102900000000000000000000F0B5D1F80C240546DE
:10291000032A0E46284F8DB005D828462749B847C8
:1029200028460DB0F0BDD1F8084434F00204F4D1CB
:10293000234B043106A8CDE90644CDE908440A94A6
:10294000ADF82C40984748B930461E4B984728466A
:102950001A49B8471C4B07A89847E1E7174903A84D
:10296000B8476A46194B01A906A80194984748B987
:102970003046144B984728461049B847144B03A8D3
:102980009847E7E7DDE900236AB9042BF0D1114B42
:1029900003AA02A906A898470028E9D028460E4BAA
:1029A00003A99847EAE7022AE2D1032BE0D10B4BB7
:1029B00003A906A89847EFE70000000047040000BD
:1029C0000000000000000000000000000000000007
:1029D00000000000000000000000000000000000F7
:1029E000F0B5D0F80021044687B01AB90025284672
:1029F00007B0F0BD0025D0E94B3100F594768B424D
:102A000018BFC0F830310146C0F83851A0F83C5129
:102A1000C0F828511A4B304698470028E6D019498B
:102A2000194B03A898476A463046184B02A90295ED
:102A30009847054620B90025154B03A89847D6E7C7
:102A4000009F029B9FB9042BF5D13046114B03AA7E
:102A500001A998470028EED00F4B03A904F5867012
:102A60009847019BC4F80471C4F80831E4E7022FC9
:102A7000E1D1032BDFD13046084B03A99847E9E7A2
:102A800000000000470400000000000000000000FB
:102A90000000000000000000000000000000000036
:102AA0002DE9F0473B4B074688B008460C4698474F
:102AB00004F5867808BB4FF0FF333749C4E941304D
:102AC000C4F80001354B40469847D4E94B32934255
:102AD00018BFC4F830310023D4E946218A42C4F833
:102AE0003831A4F83C31C4F8283118BFC4F81C218F
:102AF000C4F8243108B0BDE8F087D4E946329342E7
:102B000018BFC4F81C310023C4F82431D4F80431B0
:102B100004F58C7663B904213046214B9847012196
:102B20003046204B98473046D4F808111E4B984742
:102B30000025DFF888A007F10409D7F8F43A4146E8
:102B40009D4212D3194B01A89847FE2301A9049373
:102B500005A8174B98473046164B04A99847164CC2
:102B600005A8A04701A8A047C4E74846D04709F1F7
:102B70001C0960B11C23324603FB0575E86904F5A6
:102B8000947103689B6808B0BDE8F04718470135A9
:102B9000D3E700BF00000000470400000000000071
:102BA0000000000000000000000000000000000025
:102BB0000000000000000000000000000000000015
:102BC0002DE9F0411E46037D0446884617461BB199
:102BD000D0E901359D4204D1002363750020BDE892
:102BE000F081ED1A0369B3EBA50FF5D2184B9847A6
:102BF000C8F80000637D002BF0D0237D002BEBD0C4
:102C0000D4E901318B42E7D0C91A2369B3EBA10F94
:102C1000E2D2104B204698473860637D002BDDD010
:102C2000237D002BD8D0D4E901329342D4D0D21ADC
:102C30002369B3EBA20FCFD2074B204698473060F1
:102C4000637D002BCAD02046044B9847C7E700BFDE
:102C50000000000000000000000000000000000074
:102C60002DE9F0439146D0F81424044688461D46C9
:102C700000278BB0002A00F09480D0F81034011D9A
:102C8000194404A8484BCDE90477CDE906770897A5
:102C9000ADF82470984738B90026444B05A89847EA
:102CA00030460BB0BDE8F083414E03AB02AA01A948
:102CB00004A80197B04706460028EDD0039B434582
:102CC000EAD1029BDFF81081012B1BD02846FC23A0
:102CD000384940F8043B384B98472046D4F8102434
:102CE000D4F81414C047D4F810342BB94FF0FF3285
:102CF000C4F80C34C4F80824D4F81C340133C4F8E4
:102D00001C34CAE7019B042B05D02846FC232B4921
:102D100040F8043BDFE72A4B04A88DF80070984781
:102D2000C02831D19DF824301BB1DDE905239A423A
:102D300008D100238DF825302846FC23214940F88E
:102D4000043BC8E79B1A089AB2EBA30FF1D21E4BC3
:102D500004A898479DF825308DF80000002BEBD093
:102D600049461A4B04A898470028E5D0D4F8102407
:102D70002AB94FF0FF33C4F80C24C4F808342046B5
:102D8000D4F81414C04788E76A462946104B04A8B3
:102D900098470028EAD12846FC230E4940F8043B16
:102DA00099E716467CE700BF000000000000000025
:102DB00000000000D300000000000000EC00000054
:102DC00000000000090100000000000000000000F9
:102DD000000000002A010000000000002DE9F0437F
:102DE0009146D0F81424044688461D4600278BB02F
:102DF000002A00F09480D0F81034011D194404A872
:102E0000484BCDE90477CDE906770897ADF82470F3
:102E1000984738B90026444B05A8984730460BB070
:102E2000BDE8F083414E03AB02AA01A904A80197B3
:102E3000B04706460028EDD0039B4345EAD1029BEC
:102E4000DFF81081012B1BD02846FC23384940F8BD
:102E5000043B384B98472046D4F81024D4F8141477
:102E6000C047D4F810342BB94FF0FF32C4F80C34FB
:102E7000C4F80824D4F81C340133C4F81C34CAE75D
:102E8000019B042B05D02846FC232B4940F8043B2A
:102E9000DFE72A4B04A88DF800709847C02831D18D
:102EA0009DF824301BB1DDE905239A4208D10023A7
:102EB0008DF825302846FC23214940F8043BC8E71B
:102EC0009B1A089AB2EBA30FF1D21E4B04A89847A5
:102ED0009DF825308DF80000002BEBD049461A4BA9
:102EE00004A898470028E5D0D4F810242AB94FF058
:102EF000FF33C4F80C24C4F808342046D4F8141462
:102F0000C04788E76A462946104B04A8984700281E
:102F1000EAD12846FC230E4940F8043B99E71646BF
:102F20007CE700BF0000000000000000000000007F
:102F3000D300000000000000EC00000000000000D2
:102F40000901000000000000000000000000000077
:102F50002A0100000000000038B50C1A012C1346AD
:102F600007DD014622461846044DA84703461819B6
:102F700038BD04BF02781A70F9E700BF00000000F6
:102F800038B50C1A012C134607DD014622461846B7
:102F9000044DA8470346181938BD04BF02781A70BB
:102FA000F9E700BF000000002DE9F04F1D460023A7
:102FB00005F1010A9A4585B0044689461746C0E9DD
:102FC0000033836002DA3648364B98471AD05046B1
:102FD000354B9847D4E90082A2EB0802002A064646
:102FE00009DD4146314B9847A1684046304BA1EB83
:102FF0000801984702E0B8F1000FF5D1C4E9006676
:103000005644A6602B4B20460DF10F018DF80F9012
:1030100098477B19BB4216D0D4E90162921B9542B6
:10302000DFF89CB0DFF89CA011D81946324638462C
:10303000D847626831462A4462603046D0473246FB
:1030400039463846D847204605B0BDE8F08F2946B6
:10305000194A1A4D20460193A847134AD4F8008014
:10306000814690473146024605464046D047019B7F
:10307000024619463846D847314602463046D047C0
:103080000646B8F1000F05D0A1684046084BA1EBF9
:1030900008019847C4E900564D44A560D3E700BF36
:1030A0001F040000000000000000000000000000FD
:1030B00000000000000000002F04000000000000DD
:1030C00000000000000000002DE9F8430D69D1E97F
:1030D00001239B1AB5EBA30F06460C4605D300232C
:1030E0004B75C6E90033B36026E0012308464B75F3
:1030F0004C4B9847C7386F1C112800F28F80DFE8CF
:1031000000F05A6F7E8D8D8D8D8D8D8D8D8D8D09FD
:103110001E2D3C4B01222946434B20469847022254
:10312000424B8046294620462761984701230246A4
:10313000414630463E4CA0473046BDE8F883012268
:103140002946394B204698470222384B804629466B
:1031500020462761984702230246E9E701222946D3
:10316000314B204698470222304B80462946204664
:103170002761984704230246DAE7012229462A4BB1
:10318000204698470222294B80462946204627613F
:10319000984708230246CBE701222946224B2046C6
:1031A00098470222214B80462946204627619847AE
:1031B00010230246BCE7012229461E4B20469847B1
:1031C0000222814629462046174B98470322804613
:1031D0002761164B2946204698474B460246A7E7EB
:1031E00001222946144B204698470322814629464E
:1031F00020460D4B9847042280462761E9E70122CB
:1032000029460E4B204698470522814629462046EE
:10321000054B9847062280462761DAE7002327619D
:1032200063755EE700000000000000000000000081
:10323000000000000000000000000000000000008E
:103240002DE9F04FA24F8BB00446B847C028064680
:1032500004D120469F49A04B98472EE0C22803D1B5
:1032600020469E499E4BF7E730B100F13403DBB2B4
:10327000072B01D9E02803D120469A499A4BEBE766
:10328000CA281CD1237D1BB1D4E901239A4203D162
:103290000023637500250DE19B1A2269B2EBA30F91
:1032A000F6D2924B20469847914B83ED000A637DFE
:1032B000002BEFD020468F4B98470546FAE0CB28ED
:1032C00012D1237D002BE3D0D4E901239A42DFD031
:1032D0009B1A2269B2EBA30FDAD2874B204698479C
:1032E000864B83ED000BE2E7A02804D000F1270312
:1032F000DBB2022B10D8824D2B68DB0708D4814B40
:10330000814982489847012381482B60814B984727
:1033100020467E49804B9FE700F13C03DBB2022B45
:1033200000F2B0807D490B6813F0010308D17C4A9C
:103330007C48C2E90033936001230B60754B9847CA
:10334000237D002BA4D0D4E901239A42A0D0256983
:103350009B1AB5EBA30F9BD2012620466675B84792
:10336000C5283FD0C62863D0C42840F084803246A8
:1033700029462046DFF8C4914FF00008C84745466B
:10338000834646464746DFF8B8A15FFA88F39B4577
:10339000216915D80131624B21619A68D3E9000196
:1033A0009D60CDE90701604D099207A8C3E9007649
:1033B000A8470023CDE90133039301A8A84776E786
:1033C00008F102022046C84707A98DF81C0001A891
:1033D000CDE90176039508F10108D047DDE90176D2
:1033E000039DD2E7324629462046504B4FF0000855
:1033F00098474546814646464746DFF840B1DFF8E4
:1034000040A11FFA88F399452169C3D908F1030245
:103410002046D84707A98DF81C0001A8CDE9017600
:10342000039508F10108D047DDE90176039DE8E73F
:103430003246294620463E4B002598472E46814677
:103440002F46A846DFF8F4B0DFF8F4A0C1452169A3
:10345000A0D008F105022046D84707A98DF81C0026
:1034600001A8CDE90176039508F10108D047DDE90F
:103470000176039DEAE70023691C1E461D461F4690
:10348000637588E720462B4B9847074600285DD098
:1034900000252E462046284B079507A99847DFF8B8
:1034A000A480DDF81C90DFF8A0A04E45C8F80050BD
:1034B00004D13D4628460BB0BDE8F08F2046D047EA
:1034C00005460028F6D0D8F8003001365D1CECE740
:1034D00000000000000000000000000000000000EC
:1034E00000000000000000000000000000000000DC
:1034F00000000000000000000000000000000000CC
:103500000000000000000000470400000000000070
:1035100000000000000000000000000000000000AB
:10352000000000000000000000000000000000009B
:10353000000000000000000000000000000000008B
:103540000000000000000000000000002046434B87
:103550009847054680B3237D1BB1D4E901239A42E5
:103560001AD10026667500231F46DFF82881DFF890
:103570002891B742C8F800309CD02046C8470028A0
:103580003FF488AE2046C84700283FF483AED8F801
:10359000003001370133ECE79B1A2269B2EBA30F2D
:1035A000DFD22F4B20469847637D0646002BDAD0AA
:1035B00020462C4B9847D6E706F12C03DBB2042BB0
:1035C00015D93936F6B2022E11D92046264B984726
:1035D00048B92046254B984728B92046244B9847A0
:1035E00000283FF457AE20462249234B34E62349B6
:1035F0000B6813F0010308D1214A2248C2E90033C5
:10360000936001230B60204B9847237D002B3FF4F0
:103610003FAED4E901239A423FF43AAE9B1A2269A5
:10362000B2EBA30FBFF434AE2146184B04A8984761
:10363000134B049DD3E900011D60059D9A685D60F0
:10364000069DCDE907019D600992114D07A8A84785
:10365000002304A8CDE904330693AFE60000000080
:10366000000000000000000000000000000000005A
:10367000000000000000000000000000000000004A
:10368000000000000000000000000000000000003A
:103690000000000000000000000000002DE9F04FD5
:1036A000D0F80C340446032B89B037D9D0F8143441
:1036B000002B59D1D0F8107400264FF0FF33CDE91C
:1036C0000266CDE90466DFF80491DFF804A10093F7
:1036D0000696ADF81C60D4F80424BB19934240D27E
:1036E000DDE90332002506F10108211D934239442A
:1036F000424602A818BF04930695ADF81C500295E7
:10370000C84748B12D4B02A8984748B93A4601210D
:1037100020462B4B9847B0464646DCE70027CBE7D0
:10372000284B01A902A8019598470028F4D06FF012
:103730000103019EDFF89CB00093B54217D1009BB6
:10374000012B21D0022B31D00BB9042D30D01C4BD2
:103750003A46414620469847D4F81C340133C4F811
:103760001C34194B03A8984709B0BDE8F08F2DB160
:1037700002A8D8470028CFD00135DEE7694602A865
:10378000D0470028F4D0F7E7042D14BF0025012509
:10379000002DDCD01FB9C4F80834C4F80C84012B08
:1037A00008D1C4F81074C4F81484DAE7032DECE7E8
:1037B000002FF0D04744C4F81074D2E70000000096
:1037C00000000000000000000000000000000000F9
:1037D000000000000000000038B5044600680368DF
:1037E0005B69984790B1D4F80434B3F5806F0DD07D
:1037F000214651F8040B02681944D568C3F580626C
:10380000A847D4F804340344C4F804342046014BD8
:10381000984738BD000000002DE9F043064685B00A
:1038200000682A4B0D4690469847316801A8284BFE
:103830009847284C284901A8A04738B10024274BB5
:1038400001A89847204605B0BDE8F08340462249CC
:10385000A047044698B9DFF88C90371DD6F8F43AA3
:103860009C42EBD2384601A9C84710B901341C3735
:10387000F4E7414607F10C00C8470028F6D030684D
:10388000D0F8083433F002031CD1D0F80C140A1F0E
:10389000FC2A19D82B46C21C4C1912F8016F03F8E8
:1038A000016BA342F9D14FF0FF330022C0F8083476
:1038B000C0F80C240A4B9847041E18BF0124C5F811
:1038C0000001BCE70020F7E71846F5E7000000001C
:1038D000000000000000000047040000000000009D
:1038E00000000000000000002DE9F04300F1100787
:1038F0000646642200233846DFF8D490D5B0C84786
:103900000546002835D104AC4FF480720146264BA1
:10391000204698474FF0FF33DFF8B880234947A887
:10392000C4E94135C4F80051C047C4E94655C4E96B
:103930004855C4E94A55C4E94C55C4F83851A4F86F
:103940003C5175681A4901A8C04721462846194BC1
:1039500001AA98478046184B01A89847174D38464A
:10396000B8F1000F08D1A847154B98472046154BD2
:10397000984755B0BDE8F083A84721467068124BC0
:103980009847DFF8548006F1240764220023384664
:10399000C84738B97368214618680C4B98473846B1
:1039A000A847E3E7C047F0E7000000004704000035
:1039B0004E010000000000000000000000000000B8
:1039C00000000000000000000000000000000000F7
:1039D00000000000000000000000000008B5054BDA
:1039E00098470548054B984710B10348044B984742
:1039F00008BD00BF00000000000000000000000043
:103A0000000000002DE9F04300F110070646642293
:103A100000233846DFF8D090D5B0C84705460028C7
:103A200035D104AC4FF480720146264B20469847AE
:103A30004FF0FF33DFF8B480234947A8C4E941358C
:103A4000C4F80051C047C4E94655C4E94855C4E923
:103A50004A55C4E94C55C4F83851A4F83C5175682E
:103A6000194901A8C04721462846184B01AA984782
:103A70008046174B01A89847164D3846B8F1000FFD
:103A800008D1A847144B98472046144B984755B087
:103A9000BDE8F083A84721467068114B9847DFF8CE
:103AA000508006F12407642200233846C84738B9FD
:103AB0007368214618680B4B98473846A847E3E7D8
:103AC000C047F0E7000000004704000000000000CD
:103AD00000000000000000000000000000000000E6
:103AE00000000000000000000000000000000000D6
:103AF0000000000008B5054C054D0648A04708B178
:103B00000448A847044B9847F7E700BF00000000AF
:103B1000000000000000000000000000F8B50E46A4
:103B2000044617461D460068094B984731462B4608
:103B3000084E3A462068B047064638B1294651F843
:103B4000043B44F8043F201D034B98473046F8BD22
:103B50000000000000000000000000002DE9F04F10
:103B6000012204460E4689B000F11403D3E8EF1F8A
:103B7000002903D1C3E8E02F0028F7D10CBF154678
:103B8000002541D1DFF8DC802C4D64220023E06A5F
:103B9000C047002848D1636A04F11002186804F194
:103BA0001801274B9847274DE06AA847DFF88C900B
:103BB000DFF8B4A0DFF8B4B064220023A06AC047E5
:103BC000002839D104A8D04704AB32462169606A85
:103BD000D84703461C4FA06A002B27D0A847049D56
:103BE0001A4B05A901A898472946194B01AA204656
:103BF000984701A8B84705A8B8472046154B9847ED
:103C000080F00100C0B20CE01349144B04A898479F
:103C1000FF2120460E4B04AA98470B4B04A8984757
:103C2000284609B0BDE8F08FA847AEE7A8470C4B7F
:103C3000984705A8B847BFE7C847BDE700000000A0
:103C40000000000000000000000000000000000074
:103C50000000000000000000E00300000000000081
:103C60000000000000000000000000000000000054
:103C70002DE9F04F012204460E4689B000F11403ED
:103C8000D3E8EF1F002903D1C3E8E02F0028F7D1C4
:103C90000CBF1546002542D1DFF8E0802D4D64228F
:103CA0000023E06AC047002849D1606A636C00685D
:103CB000294D04F1100204F11801A847E06A274DCC
:103CC000A847DFF89090DFF8B8A0DFF8B8B064221A
:103CD0000023A06AC047002839D104A8D04704AB0C
:103CE00032462169606AD84703461D4FA06A002BFF
:103CF00027D0A847049D1B4B05A901A89847294632
:103D0000194B01AA2046984701A8B84705A8B8470B
:103D10002046164B984780F00100C0B20CE01449D1
:103D2000144B04A89847FF2120460F4B04AA98473C
:103D30000B4B04A89847284609B0BDE8F08FA84768
:103D4000ADE7A8470C4B984705A8B847BFE7C84759
:103D5000BDE700BF00000000000000000000000000
:103D60000000000000000000000000000000000053
:103D7000E003000000000000000000000000000060
:103D80000000000000000000F8B50E46044617468B
:103D90001D460068094B984731462B46084E3A4667
:103DA0002068B047064638B1294651F8043B44F82C
:103DB000043F201D034B98473046F8BD000000002B
:103DC000000000000000000000232DE9F047012260
:103DD000044688B08DF8003000F11403D3E8EF1FDB
:103DE000002903D1C3E8E02F0028F7D13DD12F4FA0
:103DF0002F4D64220023E06AB84700284BD1606A47
:103E0000636C00682B4D04F1100204F11801A847FF
:103E1000E06A294DA847DFF89880DFF8BC90DFF80A
:103E2000BCA064220023A06AB84700283BD104A8A4
:103E3000C84704AB6A462169606AD04703461F4EF3
:103E4000A06A002B29D0A847049D1D4B05A901A8F5
:103E500098471C4B294601AA2046984701A8B0471D
:103E600005A8B0472046184B0AE01849184B04A88B
:103E700098472046134BFF2104AA98470F4B04A8EC
:103E800098470E4D04F11800A847201DA84720466A
:103E900008B0BDE8F087A847ABE7A8470D4B9847A7
:103EA00005A8B047BDE7C047BBE700BF0000000062
:103EB0000000000000000000000000000000000002
:103EC000000000000000000000000000E00300000F
:103ED00000000000000000000000000000000000E2
:103EE00000232DE9F0470122044688B08DF8003008
:103EF00000F11403D3E8EF1F002903D1C3E8E02F3A
:103F00000028F7D13CD12E4F2E4D64220023E06AC9
:103F1000B84700284AD1636A04F11002186804F116
:103F20001801294B9847294DE06AA847DFF894808B
:103F3000DFF8B890DFF8B8A064220023A06AB84781
:103F400000283BD104A8C84704AB6A462169606ACF
:103F5000D04703461E4EA06A002B29D0A847049DD7
:103F60001C4B05A901A898471B4B294601AA2046CE
:103F7000984701A8B04705A8B0472046174B0AE06C
:103F80001749184B04A898472046134BFF2104AA51
:103F900098470F4B04A898470D4D04F11800A84707
:103FA000201DA847204608B0BDE8F087A847ACE729
:103FB000A8470D4B984705A8B047BDE7C047BBE7EA
:103FC00000000000000000000000000000000000F1
:103FD00000000000000000000000000000000000E1
:103FE000E0030000000000000000000000000000EE
:103FF0000000000008B5024B9847013808BD00BF1B
:10400000000000002DE9F043414B80468DB008468A
:104010000D46144698470646B8B93E493E4B05A89A
:104020009847FD2305A9089309A83C4B98473C4DA8
:1040300005A8A84720463B4B08A9984709A8A847C8
:10404000002630460DB0BDE8F0830027364B2846E9
:1040500001A901979847019B012B01D83349DDE75E
:10406000022B01D03249D9E7ADF820702846DFF89D
:10407000E0900DF12101C847431C074623D0284694
:1040800008A9C84701301CD09DF820309DF8212098
:104090008DF81430D8F80C308DF808200BB9254B6A
:1040A000984702A9D8F8103005AA08F104009847EB
:1040B0000546214B20469847294620461F4B9847E6
:1040C000BFE76FF001071E49134B02A898470A2269
:1040D000F9431C4B08A898471B4B08A902A898470E
:1040E0000F4D08A8A847194B02A905A89847FD231A
:1040F00005A9089309A8094B984705A8A847204691
:10410000084B08A9984709A8A84702A897E700BF45
:10411000000000002A020000000000000000000073
:10412000000000000000000000000000B8010000D6
:104130004A02000000000000000000000000000033
:104140000702000000000000000000000000000066
:10415000000000002DE9FF410E4600240546214BDA
:10416000304603A91746ADF8084003949847002845
:104170002ED03046DFF87C800DF10901C0470130B8
:1041800029D0304602A9C047013027D09DF8083019
:104190009DF8092003998DF80330EB6801918DF8A3
:1041A00002200BB9104B98470DF1020201A92E69AC
:1041B0000DF10303281DB04705460C4B38469847C0
:1041C000384629460A4B9847204604B0BDE8F0819E
:1041D0004FF0FF30F9E76FF00100F6E76FF00200F3
:1041E000F3E700BF00000000000000000000000036
:1041F0000000000000000000F0B52D4B07468DB018
:1042000008460E46144698470546B0B929492A4B38
:1042100005A89847FD2305A9089309A8274B9847A7
:10422000274D05A8A8472046264B08A9984709A866
:10423000A847002528460DB0F0BD00233046019365
:1042400001A9214B9847019B022B01D81F49DEE7AA
:10425000032B01D01E49DAE73146224638461D4B72
:10426000984706460028E5D01B49134B02A89847FB
:104270000A22F143194B08A89847194B08A902A82C
:1042800098470F4D08A8A847164B02A905A89847BC
:10429000FD2305A9089309A8084B984705A8A84736
:1042A0002046084B08A9984709A8A84702A8BFE7D5
:1042B000000000002A0200000000000000000000D2
:1042C000000000000000000000000000B801000035
:1042D0004A02000000000000070200000000000089
:1042E000000000000000000070B5204A1368591C4F
:1042F000116033B91E4A1F49C2E9073311601376B2
:1043000053621D481D4B002483601D4BFF26036034
:104310006C23067180F830302022E021194DC460F2
:104320001030A847184B194A1E71C3E90224184AD5
:104330000D211A603C2217481A740822164B984720
:10434000144A164B16461360C2E9104482F84840DE
:104350002146682206F14900A8476423C6E934448F
:10436000C6E92D34A6F8D84070BD00BF000000009B
:10437000000000000000000000000000000000003D
:104380000800000000000000000000000500000020
:10439000080000000000000000000000080000000D
:1043A00008B50648064B9847064A1368013B136058
:1043B00013B90548054B984708BD00BF0000000031
:1043C00000000000000000001C00000000000000D1
:1043D00038B504460D46024B9847C4F8B45038BD72
:1043E0000000000010B50446044B984768222046A0
:1043F000034B04F14901984710BD00BF00000000C5
:104400000000000010B504460F4B984794F8483060
:1044100033B9682220460D4B04F14901984710BD7D
:10442000636C032BFBD9226C094B682104F1490012
:104430009847236CD4F8B420DA60236C10332364DB
:10444000636C103B6364EAE70000000000000000BA
:10445000000000002DE9F04F07249C4D9C4FDFF831
:104460003483B9B0013C40F04A839A4D9A489B4B43
:104470002860984728689A4903689A4D9B6A98472C
:10448000994B98479948A847994BDFF80C831870C7
:104490009848A847984B994D1870994B9847012216
:1044A000984B08201A70984B9847984B204698478D
:1044B0009748A847974C9848A8479848A847204647
:1044C000974B984704F138070895002840F0BB80C7
:1044D0004FF0FF324FF0FF333846C047A0684FF42B
:1044E000E13103688F4DDB699847A06803689B6AD8
:1044F0009847002800F00C83A0688B4903682522A8
:104500005B689847894E0820B047894AA368E060F5
:10451000C0E900231420B0470546D4F80C90DFF81A
:104520007CA2D0474946DFF87892C8472B4643F82B
:10453000040B1846DFF86CB2D84740F6F820256027
:10454000B0470646E568D0472946C847354645F88E
:10455000040B40F6F42200212846DFF84CA2DFF8D5
:104560001092D04706F6F423284672490993C847AB
:1045700005F10C006F49C847099B1C359D42F3D1DA
:1045800000256660C6F8F45A6B4B29464FF4FA7062
:1045900098470146206500220023CDE90623052324
:1045A0004FF4FA72CDE90253CDE90055634B644EE6
:1045B00004956448B047E064634B64499847644994
:1045C0008DF860501BA8C84726A82668D847CDE9B3
:1045D0002A55604B1BA92CA898474D4B14223093A9
:1045E0001433294631932F9632A8D047089B32A81E
:1045F000984759491FA8C847FF21584B1FAA26A80A
:104600009847574D1FA8A847564B18A926A8984762
:1046100008B19DF86000544B84F8580126A89847CB
:104620001BA8A8475149524B26A898474FF48073BE
:1046300038481F931FAA4F4B26A9984726A8A8477A
:1046400036484D4B98470CAD4C49DFF8249128462D
:10465000C8474FF0FF324FF0FF333048C04748495A
:104660000FA8C8472C4B019500930FA9143B57F88E
:10467000382C444E26A8B047434B0DF12F0126A8F5
:104680009847002800F0D7809DF82F30002B00F0CD
:10469000D2803E4912A8D4F804A02E4EC84729461D
:1046A00015A8B04712A918A8B047DAF8F43A632B56
:1046B00000F2BA800AF104031846089315A9344B96
:1046C00098470546002840F0AF806FE040000000AA
:1046D00000000000000000000000000000000000DA
:1046E000A0860100000000000000000000000000A3
:1046F00000000000000000000000000000000000BA
:1047000000000000000000000000000000000000A9
:10471000100000000000000024000000380000002D
:10472000000000000000000026060000000000005D
:104730000800000047040000000000000000000026
:104740000000000058000000000000004C060000BF
:1047500053060000000000000104000000000000FB
:104760000000000000000000000000005B060000E8
:104770000000000000000000000000006B060000C8
:104780008006000000000000000000004E01000054
:104790000000000000000000000000000000000019
:1047A00000000000000000000000000015A91FA884
:1047B000B04718A922A8B0479E4B142098470DF186
:1047C0006C0B06465946CDE91B55CDE91D559A4B54
:1047D00004209847994B9A4A03603046994B40F819
:1047E000042B1E93984B0222594675601D93C0E915
:1047F0000155356198471E9B584633611D9B934D6B
:10480000F360934B98471C202596DAF8F43A1FA9D9
:104810005A1CCAF8F42A089A00FB03208D4B9847CB
:1048200022A8A8471FA8A847884D18A8A84715A8D8
:10483000A84712A8A847884B26A89847DFF80CA2DB
:104840000FA8D0470CAD854B854898472846D047E0
:1048500084492846C8474FF0FF324FF0FF33804865
:10486000C04781490FA8C847804B019500930FA905
:10487000143B57F8382C7E4E26A8B0477D4B0DF1DF
:104880002F0126A89847002861D09DF82F30002BD3
:104890005DD0794912A8D4F804B0784EC8472946AB
:1048A00015A8B04712A918A8B047DBF8F43A632B53
:1048B00046D80BF104031846089315A9704B984786
:1048C000054600283CD115A91FA8B04718A922A861
:1048D000B047584B142098470DF16C0906464946DD
:1048E000554B0420CDE91B55CDE91D559847654B27
:1048F000654A03603046654B40F8042B1E93644BB9
:10490000022249461D937560C0E9015535619847FB
:104910001E9B484633611D9BF3604D4B98471C20FE
:104920002596DBF8F43A1FA95A1CCBF8F42A089A0A
:1049300000FB0320474B984722A8D0471FA8D04729
:10494000424D18A8A84715A8A84712A8A847424B47
:1049500026A898473D4D0FA8A8470CAE4048DFF861
:10496000FC90C8473046A847DFF83CA1494930468B
:10497000D0474FF0FF324FF0FF333948C0473A4934
:104980000FA8D047394B0196009357F8382C143BA9
:104990000FA9374F26A8B847364B0DF12F0126A88F
:1049A0009847C846002800F09E809DF82F30002BC5
:1049B00000F09980304912A8D4F80490D0473146CD
:1049C00015A82E4EB04712A918A8B047D9F8F43A46
:1049D000632B00F2828009F1040A5046284B15A986
:1049E00098470446002878D115A91FA8B04718A9F0
:1049F00022A8B0470F4B142098471BAF06463946F4
:104A00000D4B0420CDE91B44CDE91D449847224BB2
:104A1000224A03603046224B40F8042B1E93214B60
:104A2000022239461D937460C0E9014434619847FD
:104A30003CE000BF0000000000000000000000009B
:104A4000080000000000000000000000000000005E
:104A50000000000000000000000000000000000056
:104A6000380000008B0600008006000024000000D3
:104A700000000000000000004E01000000000000E7
:104A8000000000000000000008000000000000001E
:104A90000000000095060000000000000800000073
:104AA0000000000000000000000000001E9B3846CF
:104AB00033611D9BF360174B98471C202596D9F84E
:104AC000F43A1FA95A1C00FB03A0C9F8F42A124BA0
:104AD000984722A8A8471FA8A84718A8A84715A81C
:104AE000A84712A8A8470D4B26A898470FA8A84783
:104AF0000B48C0470CA8A84739B0BDE8F08F15F89F
:104B0000046B01213046B84701213046C047A9E473
:104B1000A847EAE4000000000000000000000000D8
:104B2000380000000368C9B21B68184703680121F8
:104B30001B6B184710B403689C6B0123A4465DF8F7
:104B4000044B6047B0F83A31B0F83E21981A80B271
:104B500070477047C0F850127047C0F84C12704749
:104B6000D0F84802004B18470000000007B5054B7D
:104B70008DF8071001220DF107012030984703B08E
:104B80005DF804FB00000000014B2030184700BF17
:104B90000000000007B5084B01220DF1070100F5E8
:104BA0009A70984720B19DF8070003B05DF804FBA8
:104BB0004FF0FF30F9E700BF0000000008B5FF2309
:104BC00001220B701030024B9847002008BD00BF37
:104BD0000000000007B5084B01220DF1070100F5A8
:104BE0009A70984720B19DF8070003B05DF804FB68
:104BF0004FF0FF30F9E700BF0000000070B5044639
:104C00000D460368DB699847064BD4F84802E582F5
:104C1000A361836804F11001DB6813B1BDE8704043
:104C2000184770BD040000000B4B99420FD00B4B8E
:104C300099420ED00A4B99420CBF03210121D0F8B2
:104C40004802836849001B6841F0100118470121A0
:104C5000F5E70221F3E700BFA0860100801A0600F5
:104C600040420F002DE9FF410446002300F59A77EA
:104C7000009300F59C78B4F84031B0F838010E4646
:104C8000C01AD4F8441180B20B1A934228BF1346BD
:104C9000144D6A4641463846A847054648B900259E
:104CA0002A4641463846104B9847284604B0BDE88E
:104CB000F081009B002BF2D0CDE901350323D4F81D
:104CC00048028DF80C309DF80C30826843F00203E6
:104CD0008DF80C3094683346012201A9A0470028C2
:104CE000DDD1DDE7000000000000000070B5C38AE0
:104CF000044663B1D0F8480204F1100583681B69CB
:104D00000BB129469847002323616B60AB60D4F850
:104D10004802024BBDE87040184700BF0000000089
:104D20000023F0B585B0428D0093C38C00F12A07B3
:104D30009B1A026B9BB2934200F12006044628BFE7
:104D4000134639466A463046104DA8470546009A34
:104D5000D4F84802CDE901250222A38B8DF80C205E
:104D60009DF80C20816842F002028DF80C208C68BE
:104D7000012201A9A04704462A4639463046044B81
:104D80009847201E18BF012005B0F0BD00000000AC
:104D90000000000003460020C3E94A00C3F83001C8
:104DA00070470023C161C0E90933C0E94E33C362D3
:104DB000C0F840317047000030B500224FF47A74DB
:104DC000C0E9012404460E4D44F8105B0261C4E9B9
:104DD0000122C0E9921200F13401C0E908124FF437
:104DE000807100F5A474C0E90A22C0E94D42C0E90F
:104DF0004F22C0F850220163C0F8441130BD00BFFB
:104E00000800000013B5D0F8503204468DF8072092
:104E10005BB1B4F83E21B0F83A01801A80B2D4F800
:104E20004421411C914200D998470122054B0DF1C4
:104E3000070104F59A709847B0FA80F040094042A3
:104E400002B010BD000000000A46024B01461038B7
:104E5000184700BF0000000038B514460022D0F803
:104E60004C32C0E9092200F12005C26203B1984723
:104E7000FF230122237021462846024B9847002039
:104E800038BD00BF0000000008B50A46024B0146CD
:104E900010389847002008BD0000000008B5D0F881
:104EA00050223AB1B0F83A31B0F83E11581A80B2F7
:104EB00000B19047002008BD08B50146024B1038EC
:104EC0009847002008BD00BF0000000010B50C4A44
:104ED0001368591C116033B90A4A0B49C2E90733F8
:104EE0001160137653620949094B0A4898470A49E9
:104EF0000A489847BDE8104009490A48184700BFCA
:104F000000000000000000000000000000000000A1
:104F10000000000000000000000000000000000091
:104F2000000000000000000008B5044A1368013BBF
:104F3000136013B90248034B984708BD00000000F6
:104F40001C00000000000000704770477047000020
:104F500010B504464FF4AE71014B9847204610BD82
:104F600000000000F7B502AB03E906009DF806302B
:104F700041F20104012B9DF8053005460E4618BF8D
:104F80004FF480540BB944F010049DF80430022B08
:104F90001FD0032B20D0012B01D144F00404104F6B
:104FA0001622002105F10E00A4B2B84744F4807324
:104FB000AB810C4B16229E4238BF1E460021AE60CC
:104FC00005F12A00B84744F400742C856E6203B0E2
:104FD000F0BD44F00204E2E744F00604DFE700BF5E
:104FE0000000000040420F004068014B184700BF1E
:104FF0000000000001464068836808319B6818473C
:105000004068014B184700BF0000000030B50C4657
:105010001946012389B00393079304ABCDE90042FD
:10502000CDE904424068CDF808D00693836802AA0F
:105030001C6806ABA04709B030BD000013B50122C3
:105040008DF80710064C00F108030DF10701A04789
:105050000028B4BF00209DF8070002B010BD00BFBB
:105060000000000013B50222ADF80610064C00F156
:1050700024030DF10601A0470028B4BF0020BDF8AD
:10508000060002B010BD00BF0000000010B4034CC9
:1050900000F10803A4465DF8044B604700000000DF
:1050A0000D4A1368591C116033B90C4A0C49C2E906
:1050B00007331160137653620A4B0B4A0B495A604F
:1050C00000221960C3F85821094B19600949C3F837
:1050D00058215960704700BF000000000000000028
:1050E00000000000000000000000000008000000B8
:1050F000000000000000000008B5044A1368013BEE
:10510000136013B90248034B984708BD0000000024
:105110001C00000000000000704707B503688DF810
:10512000071001225B680DF10701984703B05DF895
:1051300004FB0000004B184700000000004908472E
:1051400000000000002810B506D001DA034B984794
:10515000034BBDE81040184710BD00BF0000000021
:1051600000000000004B18470000000070B5044626
:1051700000F508764FF0FF324FF0FF333046144908
:105180008847D4F81C5205B3D4F81C32DBB1D4F8EC
:10519000183223441D7DD4F818320133C3F30803B9
:1051A000C4F81832D4F81C32013BC4F81C32D4F8CD
:1051B0001C3201243046074B9847002C14BF284668
:1051C0004FF0FF3070BDFF25F1E72C46F2E700BF3E
:1051D000000000000000000038B5044600F5087526
:1051E0004FF0FF334FF0FF3228460A498847D4F882
:1051F0001C325BB1D4F81C3243B1D4F818321C44D1
:10520000247D2846044B9847204638BD4FF0FF3494
:10521000F7E700BF00000000000000000A200021A6
:10522000004B1847000000002DE9F047D0E901438A
:105230009C4205468946DFF878A00AD02146012025
:10524000D04799F8003003706B6801336B60BDE89C
:10525000F0870121114A124B9847124B2F68804664
:105260009847E41B011906460120D04799F8003001
:10527000002C037004DD2246394630460A4B98471D
:105280000134344427B1A9683846084BC91B9847F4
:10529000C5E900644644AE60D9E700BFE3040000FE
:1052A00000000000000000000000000000000000FE
:1052B000000000002DE9F047D0E901439C4205467B
:1052C0008946DFF878A00AD021460120D04799F816
:1052D000003003706B6801336B60BDE8F08701211B
:1052E000114A124B9847124B2F6880469847E41B8F
:1052F000011906460120D04799F80030002C0370B0
:1053000004DD2246394630460A4B9847013434447E
:1053100027B1A9683846084BC91B9847C5E90064FE
:105320004644AE60D9E700BFE3040000000000007F
:10533000000000000000000000000000000000006D
:105340002DE9F04F037D0446894687B01BB1D0E9B3
:105350000123934205D100236375002007B0BDE807
:10536000F08F05699B1AB5EBA30FF4D201264B4BC6
:1053700046759847C52844D0C62867D0C42840F051
:105380008780324629462046454D4FF0000AA847FF
:10539000564683465746D0465FFA8AF293452169BE
:1053A0001CD801312161D9F80830D9E900123D4DEE
:1053B000CDE903120593C9E90087C9F8086003A87D
:1053C000A84700236846CDE900330293A847637DD0
:1053D000002BC2D02046344B9847BFE70AF10202A7
:1053E0002046A847314B8DF80C0003A96846CDE94B
:1053F000008702960AF1010A9847DDE90087029EBC
:10540000CAE7324629462A4B20464FF0000A984701
:10541000564683465746D046214B244D1FFA8AF202
:105420005A452169BDD20AF103022046984703A9D3
:105430008DF80C006846CDE9008702960AF1010A52
:10544000A847DDE90087029E154BE7E7324629466B
:10545000184B20460026984737468346B046B2464A
:105460000F4B124DD34521699BD00AF1050220460E
:10547000984703A98DF80C006846CDE9008702968D
:105480000AF1010AA847DDE90087029E044BE9E71B
:105490000026691C3746B046667583E700000000A9
:1054A00000000000000000000000000000000000FC
:1054B000000000000000000007B5044B8DF8071045
:1054C0000DF10701984703B05DF804FB00000000F0
:1054D0002DE9F047D0E901439C4205468946DFF8B3
:1054E00078A00AD021460120D04799F800300370F7
:1054F0006B6801336B60BDE8F0870121114A124BE4
:105500009847124B2F6880469847E41B01190646BE
:105510000120D04799F80030002C037004DD2246AA
:10552000394630460A4B98470134344427B1A968BC
:105530003846084BC91B9847C5E900644644AE602D
:10554000D9E700BFE30400000000000000000000F5
:105550000000000000000000000000007E2913B5DC
:1055600004460AD80D4B8DF807100DF10701984736
:10557000E3680133E36002B010BDFF2903D8084B94
:10558000C9B29847F7E7B1F5803F03D2054B89B21E
:105590009847F0E7044B9847EDE700BF0000000094
:1055A000000000000000000000000000F7B50C1E25
:1055B000054623DBE3177F2C73F1000208D28DF838
:1055C000044001A9244B9847EB680133EB6007E0E6
:1055D000B4F5807F73F1000204D2204BE1B298470A
:1055E00003B0F0BDB4F5803F73F1000303D21C4B50
:1055F000A1B29847F4E71B4B9847F1E714F11E0F4F
:1056000001AE03DB31468DF80440DBE714F1800F77
:10561000154B06DBD0219847314628468DF80440CB
:10562000D0E714F5004F114F0BDBD121ADF804404A
:10563000984728460DF10501B84731462846B84736
:10564000C2E70194D2219847032431192846B8476C
:10565000013CFAD2B8E700BF0000000000000000E3
:10566000000000000000000000000000000000003A
:1056700070B5044616461D46074B984720463168CC
:10568000064B984720462968054B984720460499C1
:10569000044B984770BD00BF0000000000000000F0
:1056A00000000000000000002DE9F0410024054644
:1056B00088B0D0F81884164E009102AB042104A8DB
:1056C000174603AACDE90644CDE904440394CDF876
:1056D0000880B04721460F4B04A89847DDE904161F
:1056E000761A0D4B324628469847864204BF01245D
:1056F000D5F8183404A804BF0133C5F81834074B93
:1057000098470CB1C7F8008008B0BDE8F08100BF31
:105710000000000000000000000000000000000089
:105720002DE9F04300241E46054689B0D0F81884C0
:1057300002AB009104A804211746DFF8689003AA81
:10574000CDE90644CDE904440394CDF80880C84768
:105750000121104B04A8984731460F4B04A89847E5
:10576000DDE90416761A0D4B3246284698478642E4
:1057700004BF0124D5F8183404A804BF0133C5F8C8
:105780001834074B98470CB1C7F8008009B0BDE842
:10579000F08300BF000000000000000000000000D7
:1057A00000000000000000002DE9F04300241E4628
:1057B000054689B0D0F8188402AB009104A80421F2
:1057C0001746DFF8689003AACDE90644CDE9044402
:1057D0000394CDF80880C8470121104B04A89847CE
:1057E00031680F4B04A89847DDE90416761A0D4B73
:1057F000324628469847864204BF0124D5F818341B
:1058000004A804BF0133C5F81834074B98470CB1FE
:10581000C7F8008009B0BDE8F08300BF00000000B9
:105820000000000000000000000000000000000078
:1058300038B5037D04460D461BB1D0E901239342E0
:1058400003D100236375002038BD9B1A0269B2EBB7
:10585000A30FF6D2044B98472860637D002BF2D04B
:105860002046024B9847EFE70000000000000000D0
:105870002DE9F04F8046A9B000F5087301934FF071
:10588000FF324FF0FF339B4E00F50870B04798F899
:1058900034428DF81740002C40F0D681D8F81050D3
:1058A00095492F46DFF89CA209A8D047DFF898B2A7
:1058B00016A857F8109BD84709A9904B1CA8CDE90A
:1058C0001A4424359847142221468D4B22A8CDE94D
:1058D0001F97219598478B4B22A898478A4910A873
:1058E000D0478A4D10AAFF2116A8A847884C10A8B7
:1058F000A04701221BABD3E8EF1F002903D1C3E867
:10590000E02F0028F7D163D1824C64220023219834
:10591000B047002840F0B4801F9B7F4C18681AAA3B
:105920007E4B1CA998472198A0470394642200232A
:105930002098B0470546002840F06D810CA8D84754
:105940001F9F1A9B38680293754B98473C68D4F8A0
:105950001424002A00F05681CDE91055CDE91255E6
:105960001495ADF85450D4F81034211D194410A8E2
:105970006C4B9847002840F085804FF000096A4B37
:1059800011A89847B9F1000F00F03C810C9B0DA9BC
:1059900047F8043F381D654B98475F4C2098A04757
:1059A0000C9D0DA9554B10A89847294610AA574B96
:1059B00016A89847564D10A8A8470DA8A8474FF01D
:1059C000FF324FF0FF3322A8B04722A8A04708E0DB
:1059D000574910A8D04716A8FF2110AAA84710A819
:1059E000A047002301228DF820301BABD3E8EF1F26
:1059F000002903D1C3E8E02F0028F7D140F00E8141
:105A0000444C642200232198B047002840F02381B1
:105A10001F9B1AAA18681CA9404B98473E4C219816
:105A2000A0473C4FDFF82491394D64220023209891
:105A3000B047002840F0178110A8D84710AB1A993A
:105A40001F9808AAC84703462098002B00F005813C
:105A5000A047109F11A9294B0CA8984739460CAABA
:105A60002A4B16A898470CA8A84711A8A8474FF09A
:105A7000FF324FF0FF3322A8B04722A8A047D8E05A
:105A8000A04742E7DFF8C89008AB07AA06A910A80C
:105A90000695C847814600283FF46FAF089B029ADD
:105AA0009A427FF46AAF079B012B1BD0FC2321494C
:105AB0000C93214B0DA89847204B2046D4F8102476
:105AC000D4F814149847D4F810342BB94FF0FF329F
:105AD000C4F80824C4F80C34D4F81C340133C4F8D6
:105AE0001C344CE7069B042B34D0FC2314490C9344
:105AF000DFE700BF000000006A01000000000000B6
:105B0000000000000000000078010000000000001C
:105B10000000000000000000000000000000000085
:105B20000000000000000000000000000000000075
:105B30009601000058000000000000000000000076
:105B400071000000000000000000000000000000E4
:105B500000000000454B10A88DF814509847C0284D
:105B600031D19DF854301BB1DDE911239A4206D1A1
:105B700000238DF85530FC233D490C9399E79B1A7F
:105B8000149AB2EBA30FF3D23A4B10A898479DF8A2
:105B900055308DF81400002BEDD0374B0DF1170167
:105BA00010A898470028E6D0D4F810242AB94FF05E
:105BB000FF33C4F80C24C4F808342046D4F8141475
:105BC0002E4B9847DBE62E4B05AA0CA910A8984748
:105BD0000028E9D1FC232B490C930DA82A4B9847A8
:105BE000264B2046D4F81024D4F814149847D4F83F
:105BF0001034002B7FF470AF4FF0FF33C4F808343B
:105C0000002367E72098039B9847204B9847204B39
:105C10000DA898478AE61F4B984787E61E4910A8AB
:105C2000D0471E4B16A8FF2110AA9847184B10A862
:105C30009847174C1CA8A04717A8A04709A8A04739
:105C40009DF8174088F834420198154B9847204634
:105C500029B0BDE8F08FA047D3E6A0470B4B98478B
:105C600011A8A847E1E6B847DFE600BF0000000042
:105C70008E00000000000000000000000000000096
:105C800000000000AF000000000000000000000065
:105C9000000000000000000096010000000000006D
:105CA000000000002DE9F04304460D461646DFF8DB
:105CB0009490DFF8948085B000F1240764220023DB
:105CC0003846C847002831D12368CDE90200CDE924
:105CD0000000DFF8789068460321D3F80080C847B9
:105CE000134B684602219847124C29466846A04744
:105CF00068460121C84731466846A047DDE90014DF
:105D0000641A0D4B224640469847844208BFD8F893
:105D10001834684604BF0133C8F81834074B984755
:105D20003846074B05B0BDE8F0431847C047C5E704
:105D30000000000000000000000000000000000063
:105D40000000000000000000000000000000000053
:105D50002DE9F041044600F130070E4615464FF09C
:105D6000FF334FF0FF323846064988472046294620
:105D7000054B40F8046B98473846BDE8F041034BAB
:105D8000184700BF000000000000000000000000F5
:105D900000232DE9F0470122044688B08DF8003039
:105DA00000F11403D3E8EF1F002903D1C3E8E02F6B
:105DB0000028F7D146D1334F334D64220023E06AE7
:105DC000B847002854D1606A636C00682F4D04F115
:105DD000100204F11801A847E06A2D4DA847DFF82A
:105DE000A880DFF8C890DFF8C8A064220023A06A6A
:105DF000B847002844D104A8C84704AB6A462169C3
:105E0000606AD0470346234EA06A002B32D0A847D1
:105E1000DDF8108005A9204B01A89847414601AA4A
:105E20001E4B2046984701A8B04705A8B04704F18B
:105E300030064FF0FF324FF0FF333046B847304660
:105E4000A8470BE01649174B04A898472046134B68
:105E5000FF2104AA98470F4B04A898470D4D04F161
:105E60001800A847201DA847204608B0BDE8F087C5
:105E7000A847A2E7A8470C4B984705A8B047B4E746
:105E8000C047B2E700000000000000000000000072
:105E90000000000000000000000000000000000002
:105EA000960100000000000000000000000000005B
:105EB000000000002DE9F04F8E4BABB006460D46BA
:105EC000914698470446002800F0C3800DF1200851
:105ED00040468949894FB847DFF880A22C464D4497
:105EE000A54240F0A080002596F8353234698449F7
:105EF000844E0495002B00F08481A1460BA8B8477E
:105F0000DFF85CB259F810AB18A8D84724340BA9B5
:105F1000CDE91C557C4B1EA8984714222946CDE993
:105F200021A97A4B239424A89847CDF8A480784BD4
:105F300024A89847774912A8B847774C12AAFF219E
:105F400018A8A04712A8B04701221DABD3E8EF1F45
:105F5000A94203D1C3E8E02F0028F7D168D16F4DE3
:105F60006F4C642200232398A847002875D12198FC
:105F7000299B00686B4C1CAA1EA9A0476A4C239859
:105F8000A047A14664220023229864498847054619
:105F9000002840F033810EA8D847219F1C9B386809
:105FA0000193624B98473C68D4F81424002A00F00F
:105FB0001D81CDE91255CDE914551695ADF85C500B
:105FC000D4F81034211D194412A8594B98470028C1
:105FD00045D14FF0000A574B13A89847BAF1000F6C
:105FE00000F004810E9B0FA947F8043F381D524B67
:105FF00098472298C8470E9C0FA9434B12A8984770
:10600000214612AA444B18A8984712A8B0470FA8D7
:10601000B0474FF0FF324FF0FF33404924A8884784
:1060200024A8C8470DE0404614F8011BD04757E7A5
:10603000424912A8B84718A8FF2112AAA04712A8DF
:10604000B0473F4B18A898470BA8B0474046049C60
:10605000B04720462BB0BDE8F08FA04781E7DFF8BE
:1060600004A107AB06AA05A912A80595D047824648
:106070000028AED0079B019A9A42AAD1069B012B19
:106080001BD0FC232F490E932F4B0FA898472F4B63
:106090002046D4F81024D4F814149847D4F81034B7
:1060A0002BB94FF0FF32C4F80824C4F80C34D4F8EC
:1060B0001C340133C4F81C348DE7059B042B03D03A
:1060C000FC2323490E93DFE7224B12A88DF80C50D6
:1060D0009847C0286BD19DF85C301BB1DDE91323D4
:1060E0009A4241D100238DF85D30FC231A490E936A
:1060F000CAE700BF000000004804000000000000E4
:10610000600100000000000000000000000000002E
:106110000000000078010000000000000000000006
:10612000000000000000000000000000000000006F
:1061300000000000000000000000000096010000C8
:1061400000000000580000000000000000000000F7
:1061500071000000000000008E0000000000000040
:1061600000000000000000009B1A169AB2EBA30F7B
:10617000B8D22A4B12A898479DF85D308DF80C00D4
:10618000002BB2D0264B04A912A898470028ACD007
:10619000D4F810242AB94FF0FF33C4F80C24C4F803
:1061A00008342046D4F814141E4B984713E71E4BAE
:1061B00003AA0EA912A898470028E9D1FC231B497D
:1061C0000E930FA81A4B9847164B2046D4F810246C
:1061D000D4F814149847D4F81034002B7FF467AF28
:1061E0004FF0FF33C4F8083400235EE72298114BC8
:1061F0009847114B98470FA8B047C3E60F4B9847F5
:10620000C0E618A8B847424620460D4B18A9984743
:1062100018A8B047CDF8109018E700BF00000000A4
:10622000000000000000000000000000AF000000BF
:10623000000000000000000000000000000000005E
:10624000000000002DE9F041044600F130070E4641
:1062500015464FF0FF334FF0FF3238460649884766
:1062600020462946054B40F8046B98473846BDE860
:10627000F041034B184700BF000000000000000081
:106280000000000038B5044600F130054FF0FF3241
:1062900007494FF0FF332846884724682846002CDA
:1062A000D4BF00240124034B9847204638BD00BFCB
:1062B00000000000000000002DE9F04F012205461B
:1062C00091B0019100F11403D3E8EF1F002903D12D
:1062D000C3E8E02F0028F7D10CBF1446002464D196
:1062E000DFF874B2844C64220023E86AD84700289F
:1062F0006BD1686A6B6C0068804C05F1100205F187
:106300001801A0477E4CE86AA047A04664220023FB
:10631000A86AD8470646002840F0EA80794B06A8CC
:1063200098476F6A784B3868D5F810A098473C6852
:10633000D4F81424002A00F0D380CDE90A66CDE910
:106340000C660E96ADF83C60D4F81034211D19444B
:106350000AA86E4B9847002839D14FF000096C4BC2
:106360000BA89847B9F1000F00F0BA80069B07A967
:1063700047F8043F381D674B9847A86AC047069CFA
:10638000654B07A90AA898472146644B0AAA2846E4
:106390009847634C0AA8A04707A8A0472846614B26
:1063A000984780F00100C0B20CE05F495F4B0AA83B
:1063B0009847FF212846594B0AAA9847584B0AA8E4
:1063C0009847204611B0BDE8F08FA0478BE7DFF873
:1063D0008C9105AB04AA03A90AA80396C847814675
:1063E0000028BAD0059B9A45B7D1049BDFF870A16D
:1063F000012B1AD0FC234E4906934E4B07A8984711
:106400002046D4F81024D4F81414D047D4F810340B
:106410002BB94FF0FF32C4F80824C4F80C34D4F878
:106420001C340133C4F81C3499E7039B042B03D0BC
:10643000FC2341490693E0E7404B0AA88DF8086029
:106440009847C0282FD19DF83C301BB1DDE90B23C4
:106450009A4206D100238DF83D30FC23384906933B
:10646000CBE79B1A0E9AB2EBA30FF3D2354B0AA8D7
:1064700098479DF83D308DF80800002BEDD001992C
:10648000314B0AA898470028E7D0D4F810242AB93D
:106490004FF0FF33C4F80C24C4F808342046D4F875
:1064A0001414D0475BE7294B02AA06A90AA898470B
:1064B0000028EAD1FC232649069307A81D4B9847DC
:1064C0002046D4F81024D4F81414D047D4F810344B
:1064D000002BA4D14FF0FF33C4F8083400239CE70D
:1064E000A86AC0471B4B98470D4B07A898470DE774
:1064F000014B98470AE700BF0000000000000000C1
:10650000000000000000000000000000000000008B
:10651000000000000000000000000000000000007B
:1065200000000000000000009601000000000000D4
:106530005800000000000000710000000000000092
:106540008E000000000000000000000000000000BD
:10655000AF0000000000000000000000000000008C
:106560000000000000232DE9F0470122044688B016
:106570008DF8003000F11403D3E8EF1F002903D198
:10658000C3E8E02F0028F7D13DD12F4F2F4D6422D3
:106590000023E06AB84700284BD1606A636C00684A
:1065A0002B4D04F1100204F11801A847E06A294DAF
:1065B000A847DFF89880DFF8BC90DFF8BCA0642221
:1065C0000023A06AB84700283BD104A8C84704AB01
:1065D0006A462169606AD04703461F4EA06A002BB5
:1065E00029D0A847049D1D4B05A901A898471C4B1D
:1065F000294601AA2046984701A8B04705A8B047F8
:106600002046184B0AE01849184B04A89847204622
:10661000134BFF2104AA98470F4B04A898470E4D2F
:1066200004F11800A847201DA847204608B0BDE87F
:10663000F087A847ABE7A8470D4B984705A8B04798
:10664000BDE7C047BBE700BF00000000000000003E
:10665000000000000000000000000000000000003A
:106660000000000000000000960100000000000093
:106670000000000000000000000000002DE9F047CD
:106680009EB00546019100294BD0364B9847002813
:1066900047D005F508774FF0FF324FF0FF3338460B
:1066A000314988472E690024B0463049DFF8EC9024
:1066B00006A80594C8472E4B0CA858F810AB98476D
:1066C00006A92C4B12A8CDE9104424369847142271
:1066D0002146294B18A8CDE915A81796984701AB74
:1066E0001D93264B18A89847254909A8C847FF219C
:1066F000244B09AA0CA89847234E09A8B04706A81E
:10670000B047224B03A90CA8CDE90344984758B9D8
:1067100038461F4B98471F4B0CA898471E4B03A8A1
:1067200098471EB0BDE8F087DDE903135A1A94427A
:10673000EED2D5F81C32B3F5007F10D0D5F8143264
:10674000085D2B441875D5F814320133C3F30803E0
:10675000C5F81432D5F81C320133C5F81C320134A7
:10676000E5E700BF00000000000000005701000046
:106770000000000000000000000000000000000019
:106780007801000000000000000000000000000090
:1067900000000000000000000000000000000000F9
:1067A00038B5044600F508750B494FF0FF324FF03D
:1067B000FF3328468847D4F81C12C1F50071002920
:1067C00002DD2046054B9847D4F81C422846044B6E
:1067D0009847204638BD00BF0000000000000000C0
:1067E000000000002DE9F041224A234E1368591C95
:1067F00011602BB9214AC2E9073316601376536240
:1068000000244FF480781E4F142221461D48C6E90B
:106810000044F460B847142221461B48B8471422AC
:1068200021461A48B847424621461948C6E913444A
:10683000B847184B184DB3604FF47A73AB60174BE1
:106840004FF40072214605F114002B6086F8584180
:106850006C602E61B8471422214605F50870C5F812
:106860001442C5F81842C5F81C42B847A5F834824E
:10687000BDE8F08100000000000000000000000002
:10688000000000001000000024000000380000009C
:106890005800000000000000000000000800000098
:1068A00008B5044A1368013B136013B90248034B4F
:1068B000984708BD000000001C0000000000000018
:1068C0007047000038B50346094C056820685A68CF
:1068D00003681178DB6A984701212068A9400368A2
:1068E000C9B21B689847206803685B6B984738BD3E
:1068F0000000000010B5094C4168236809781A6847
:106900001846D26A90472068002103681B689847A0
:10691000206803685B6B984710BD00BF0000000053
:10692000174A1368591C116033B9164A1649C2E94F
:1069300007331160137653620022144B14491A7006
:106940005A709A70FF234A708A700B7011490A704E
:106950004A708B7010490A708A704B700F498A70A8
:106960000B704B700E494A700B708B700D490A709A
:106970000D4A4B708B70137053709370704700BF4B
:106980000000000000000000000000000000000007
:1069900000000000000000000000000000000000F7
:1069A00000000000000000000000000008B5044ADC
:1069B0001368013B136013B90248034B984708BDA5
:1069C000000000001C00000000000000064A1368E0
:1069D000591C116033B9054A0549C2E907331160F2
:1069E00013765362704700BF0000000000000000F3
:1069F0000000000008B5044A1368013B136013B996
:106A00000248034B984708BD000000001C0000002E
:106A100000000000064A1368591C116033B9054A8A
:106A20000549C2E90733116013765362704700BF0E
:106A300000000000000000000000000008B5044A4B
:106A40001368013B136013B90248034B984708BD14
:106A5000000000001C00000000000000064A13684F
:106A6000591C116033B9054A0549C2E90733116061
:106A700013765362704700BF000000000000000062
:106A80000000000008B5044A1368013B136013B905
:106A90000248034B984708BD000000001C0000009E
:106AA00000000000064A1368591C116033B9054AFA
:106AB0000549C2E90733116013765362704700BF7E
:106AC00000000000000000000000000008B5044ABB
:106AD0001368013B136013B90248034B984708BD84
:106AE000000000001C00000000000000064A1368BF
:106AF000591C116033B9054A0549C2E907331160D1
:106B000013765362704700BF0000000000000000D1
:106B10000000000008B5044A1368013B136013B974
:106B20000248034B984708BD000000001C0000000D
:106B300000000000064A1368591C116033B9054A69
:106B40000549C2E90733116013765362704700BFED
:106B500000000000000000000000000008B5044A2A
:106B60001368013B136013B90248034B984708BDF3
:106B7000000000001C000000000000000C4A136828
:106B8000591C116033B90B4A0B49C2E90733116034
:106B9000137653626A21094B094A197209491A602E
:106BA000596100224FF480715A6019839A767047B8
:106BB00000000000000000000000000000000000D5
:106BC0000000000000093D0008B5044A1368013BBD
:106BD000136013B90248034B984708BD000000003A
:106BE0001C00000000000000094A1368591C1160D5
:106BF00033B9084A0849C2E9073311601376536272
:106C0000064B074A1A6000221A719A60704700BF4B
:106C10000000000000000000000000000000000074
:106C20000000000008B5044A1368013B136013B963
:106C30000248034B984708BD000000001C000000FC
:106C400000000000074A1368591C116033B9064A56
:106C50000649C2E90733116013765362044B054AB3
:106C60001A607047000000000000000000000000F3
:106C7000000000000000000008B5044A1368013B52
:106C8000136013B90248034B984708BD0000000089
:106C90001C0000000000000030B54FF0C80C0024BC
:106CA00001250277FF22C0E902C5C0E90A220225B8
:106CB000C0E90C24816164224FF47A71C0E9004478
:106CC000C0E90455C0E90E44C0E9101230BD00000F
:106CD000084A1368591C116033B9074A0749C2E9C9
:106CE0000733116013765362532205490548064B5A
:106CF000184700BF00000000000000000000000076
:106D000000000000000000000000000008B5044A78
:106D10001368013B136013B90248034B984708BD41
:106D2000000000001C000000000000000023436180
:106D300003766423C36301207047704713B504686A
:106D40000093E46AA04702B010BD2DE9F74F9246C8
:106D5000427D044689460AB9027D4AB14E4609EB96
:106D600003050C9B013D534403F1FF38AE4229DD7E
:106D700003B0BDE8F08F4E4505D0AE4203D0574575
:106D800001D0474512D1637D83B1A27F2368019270
:106D9000627F0092D3F860B0237F3A4631462046A6
:106DA000D84701374745E6DD0136DFE7237D002B75
:106DB000F7D0E27E23680192A27E0092D3F860B001
:106DC000637EEAE75746EDE701617047036923B147
:106DD00090F8382018685043704718467047036988
:106DE00023B190F8392058685043704718467047CF
:106DF000012938BF0121012A38BF012280F838104B
:106E000080F83920704737B5DDB201950468C3F3C7
:106E100007250095246EC3F30743A04703B030BD98
:106E200038B504461D4603689B6E98479DF81030A0
:106E300084F82C5084F82D309DF8143084F82E30CE
:106E400038BD37B5DDB201950468C3F30725009559
:106E5000E46EC3F30743A04703B030BDC16370477E
:106E600008B501F13E03DBB2012B02D9024B203001
:106E70009847012008BD00BF000000000149024BF7
:106E800020301847B70100000000000070B504462C
:106E90000E4615460349044B20309847C4E90C655B
:106EA00070BD00BFB7010000000000002DE9F04FE9
:106EB00091B0CDE902120446017D407D1A9A00B9D5
:106EC00089B103EBD3734FEA630B0BFB0BF302EBBC
:106ED000D2724FEA620A04930AFB0AF3059329B9B6
:106EE000637D002B6DD111B0BDE8F08F0AFB0AF372
:106EF000DB1707930BFB0BF3DB170AFB0AF2089374
:106F00000BFB0BF3A3FB0232CDE90B32CBF10003F9
:106F1000CAF100050D93DB174FEAE5780E934FEAAF
:106F2000EA73AA4573EB0803DADBDDE90D69A5FB1B
:106F3000057205FB08F302EB4302089B04997B43AF
:106F400001FB0233A7FB01210A920A461A444FEAC9
:106F5000EB730993039B06925A19099BB34573EB94
:106F6000090303DA013548F10008D8E7A6FB06302B
:106F700006FB09F100EB41000799059F594307FB08
:106F80000011A3FB073001440A981B18069841EB37
:106F900000010B9898420C9B73EB01010DDBE17E25
:106FA00023680191A17E0F9200911B6E02991F46EA
:106FB0002046637E3144B8470F9A013649F10009F3
:106FC000CBE7CBF10005EE174FEAEB73AB45B341CE
:106FD00052DACAF10005EE174FEAEA73AA45B34147
:106FE00081DB284631464A4B98474A4F02460B46BA
:106FF000B847494F804605988946B84702460B4630
:1070000040464946DFF82081C047DFF8208102462C
:107010000B4600204149C047414B41EC100B9847BB
:1070200059EC108B5846B84742464B46394FB84743
:107030003C4B98470746A27F039B029903EB050947
:1070400023680192627F01440092D3F860804A462F
:107050002046237FC047A27F23680192627F029966
:107060000092D3F860804A462046237FC91BC04760
:10707000013546F10006AFE728463146244B9847D4
:10708000244F02460B46B847234F80460498894652
:10709000B84702460B4640464946DFF88C80C04759
:1070A000DFF8888002460B4600201C49C0471C4B75
:1070B00041EC100B984759EC108B5046B8474246AC
:1070C0004B46144FB847174B98470746A27F029B81
:1070D00003EB050923680192627F49460092039AF7
:1070E000D3F860800244237F2046C047A27F2368F4
:1070F0000192627F49460092039AD3F8608020464D
:10710000237FD21BC047013546F100065CE700BF74
:107110000000000000000000000000000000F03F40
:10712000000000000000000000000000000000005F
:107130002DE9F04F804687B09A4608461C4B894699
:10714000049298470026109B039023EAE3734FEACA
:10715000830B119B9E4227DA0027039D0AEB060250
:1071600012E015F8020CD8F8001015F8043C019054
:1071700015F8030C05920090096E40460C460499E0
:107180003944A047059A0137109B04359F42E8DB3C
:10719000084B4846039C9847109B5C44C01A04EB7C
:1071A000800303930136D4E707B0BDE8F08F00BF3A
:1071B00000000000000000002DE9F04F804687B07D
:1071C0009A4608461C4B8946049298470026109B15
:1071D000039023EAE37303EB430B119B9E4228DAEF
:1071E0000027039D0AEB060212E015F8010CD8F8FF
:1071F000001015F8033C019015F8020C0592009060
:10720000096E40460C4604993944A047059A013757
:10721000109B03359F42E8DB084B4846039C984788
:10722000109B5C44C01A00EB400023180393013606
:10723000D3E707B0BDE8F08F0000000000000000B9
:107240002DE9F04F85B002909B4608461D4B8846BD
:1072500091469847002604460E9B23EAE3734FEAC3
:10726000430A0F9B9E4227DB05B0BDE8F08F34F840
:107270001510029A4FEAC10C0B0AC908106801F0F8
:10728000FC015FFA8CF200910192026E09EB05019C
:1072900017460298039A03F0F803B84701350E9B8E
:1072A0009D42E4DB084B404698470E9B5444C01A6D
:1072B00004EB40040136D4E70BEB060300250393EF
:1072C000EDE700BF00000000000000002DE9F743DB
:1072D0001F4603680546D3F85C900846084B0C46E9
:1072E00016469847074B8046204698473B46CDE9CF
:1072F0000080324621462846C84703B0BDE8F083E7
:1073000000000000000000002DE9F0471F46DDE905
:1073100008890B6804469B6808460D461646984740
:1073200060B306EB080307EB0902134326D4A368F6
:10733000B34223DBE368BB4220DB2846104B98476F
:1073400001280FD0022813D0C0B92368CDE90889DD
:10735000D3F880E03B46324629462046F446BDE855
:10736000F04760472368CDE90889D3F884E0F1E766
:107370002368CDE90889D3F888E0EBE7BDE8F0871A
:107380000000000037B5447D3CB1857F046801955D
:10739000457F037F0095246EA04703B030BD2DE9E3
:1073A000FF411F460369044616462BB1437D1BB1BE
:1073B0004D1E15F8012F12B904B0BDE8F0810A2A5C
:1073C00006D1226994F83930526802FB0377F0E75E
:1073D0000D2A24D002F13E03DBB2012BE9D9236947
:1073E000986850F8221011B9D0F8801081B194F843
:1073F00039002268039094F8380002905868019090
:107400001B6820460093D2F87C803B463246C0473A
:10741000226994F83830126802FB0366C9E7002637
:10742000C7E72DE9F04F93461A46437D89B09DF892
:1074300050609DF854A00491C3B1BEB1BAF1000FE1
:1074400014D099B1129B139903FB06B30AFB0121D7
:107450000B430BD483689B4508DCC3689A4205DC68
:10746000002303930399139B8B4202DC09B0BDE810
:10747000F08F4FF00008DDE903135B5C0593C368F0
:107480004345F3DD5D464FF00009129B4B451EDD81
:10749000059BC9F1070443FA04F414F001041FD05A
:1074A0000024817F03680191417F079200911B6E48
:1074B00029191F460690037F0134B847DDE906020B
:1074C000E3B29E42EDD883683544AB421BDC08F141
:1074D0000108D04502F10102D1D1039B0133C0E77D
:1074E000017E03680191C17D079200911B6E6119B5
:1074F0001F460690837D0134B847DDE90602E3B2FA
:107500009E42EDD8DFE709F10109BEE7004B1847BD
:10751000000000002DE9F04F0546437D89B004933B
:10752000837F01390593838B0446069355F8203BEE
:10753000032900F25881DFE811F004005B00B60077
:10754000FA001B6D876A9847266B4FF001080136D9
:1075500007FB00664FF00A090027DFF8C4A2B74214
:1075600010DB049B002B00F0538101236375069B05
:10757000A383059BA3772846A749A84B09B0BDE87C
:10758000F04F1847236820461B6A984794F82E301E
:10759000A18D226BA3772368D21BA18384F8158069
:1075A000D3F840B029462046636B0792D84721693B
:1075B000A06A0B68079A84F8158000FB0323227EDB
:1075C000E08AA277A083626B496820681144013980
:1075D0000091D0F830B019462046D847236820469D
:1075E0005B6A9847E16B0137A1FB0901D047B6E719
:1075F0001B6D876A9847266B4FF0010807FB0066F2
:107600000027DFF81CA206F1FF39B742A9DA236888
:1076100020461B6A9847216BA9EB0703CA1A94F806
:107620002E30A18DA3772368A18384F81580D3F829
:1076300040B029462046636B0792D847079A237EBD
:10764000511EE28AA3772369A28384F81580626BB6
:107650005B6820681344013B0093D0F830B00B46C0
:1076600020460791D847236994F8392098680392F7
:1076700094F83820079902925B680A46CDE90083A6
:107680002368D0F88010D3F87CB02046636BD847CD
:10769000236820465B6A98470A20E16B0137A1FB0B
:1076A0000001D047B1E75B6D984700264FF0010815
:1076B0004FF00A09636BDFF868A1C718B742FFF6FD
:1076C00050AF236820461B6A984794F82E20A18D5E
:1076D000636BA27722689B1BA18384F81580D2F884
:1076E00040B029462046226B0793D8472069079B64
:1076F0004268E18A1A44237EA183A37784F8158027
:10770000216B00680092236801F1FF3CD3F830B090
:10771000A36A013603FB00C32046D84723682046EE
:107720005B6A9847E16BA1FB0901D047C6E75B6D37
:10773000984700274FF00108636BDFF8E4A0C618F4
:1077400006F1FF39B742BFF60CAF236820461B6A2B
:107750009847626BA9EB0701531A94F82E20A18D6C
:10776000A2772268A18384F81580D2F840B0294618
:107770002046226B0793D847079BE18A5A1E237E37
:10778000A183A377236984F815801868216B009280
:10779000236801F1FF3CD3F830B0A36A079203FBE2
:1077A00000C32046D847236994F8390099680390AC
:1077B00094F83800079ACDE901801B6820460093B1
:1077C0002368D1F88010D3F87CB01346226BD847D9
:1077D000236820465B6A98470A20E16B0137A1FBCA
:1077E0000001D047AEE71B6A9847012194F82E307C
:1077F000A28DA37723686175A28320461E6C29465B
:10780000D4E90C23B047236820465B6A9847A8E672
:10781000049B6375AFE600BFB701000000000000E5
:1078200000000000002310B5044643600748C4E987
:107830000212206023610649064B04F1200098479C
:1078400040F201132387204610BD00BF080000004E
:10785000B70100000000000010B50446034B40F8DB
:10786000203B034B9847204610BD00BF0800000096
:10787000000000002DE9F04F85B01F460E9B0E461C
:107880009C1A15464CBF4FF0FF394FF00109A7EB8A
:10789000010848BFD41A4FEA440AC8EB44044FEA2F
:1078A0004808BE4202DD05B0BDE8F08F827F036864
:1078B0000192427F31460092D3F860B02A46037F9E
:1078C0000390D847002CC8BFA4EB08040398C8BF96
:1078D0004D4454440136E4E72DE9F74F16465C1A4F
:1078E00080460D464CBF4FF0FF394FF001090C9A0E
:1078F00048BFCC1A971B4FEA440AC7EB44047F00E9
:107900000C9B9E4202DD03B0BDE8F08F98F81E206C
:10791000D8F80030019298F81D2029460092D3F83B
:1079200060B03246404698F81C30D847002CC4BF9F
:10793000E41B4D4454440136E2E700002DE9F341D5
:1079400090F815C004460D4616461F46DDF8208007
:10795000BCF1000F03D0994211D1B04502DA02B058
:10796000BDE8F081A27F23680192627F29460092E0
:107970001F6E32462046237FB8470136EDE7424569
:107980000FD1AF42EBDBA27F23680192627F2946D1
:107990000092D3F8608032462046237FC0470135ED
:1079A000EFE7A8EB020C5C1ABCF1000FB8BFCCF1FA
:1079B000000C002CB8BF6442A4450CDA074C994275
:1079C000C2BF2B4642463946A446C8BF089602B0FD
:1079D000BDE8F0416047024C4245F1E7000000007D
:1079E00000000000064A1368591C116033B9054AAB
:1079F0000549C2E90733116013765362704700BF2F
:107A000000000000000000000000000008B5044A6B
:107A10001368013B136013B90248034B984708BD34
:107A2000000000001C0000000000000040687047DB
:107A300080687047C06870470069704770470020D1
:107A40007047000008B5014B984700BF00000000D8
:107A50007047000008B5014B984700BF00000000C8
:107A600008B5014B984700BF0000000008B5014B66
:107A7000984700BF0000000008B5014B984700BFC1
:107A80000000000008B5014B984700BF000000004F
:107A900010B5441A0298521AC01A444394FBF2F4E7
:107AA000E01810BD2DE9F04106460D460C468F1832
:107AB000BC4202D1601BBDE8F081A046336830466D
:107AC0001B6818F8011B98470028F3D04446EFE7DD
:107AD00070B505460C46084649B1054B98472B68DA
:107AE000024621462846BDE870405B68184770BDD5
:107AF0000000000008B5014B984708BD00000000D9
:107B000038B5094D0446A847E060236820465B6904
:107B10009847002807DAA847E368C01AA368984284
:107B2000F3D34FF0FF3038BD000000008160704794
:107B30002DE9F04107460D460C46DFF81C808E18F3
:107B4000B44202D1601BBDE8F0813846C047431CF7
:107B5000F8D004F8010BF3E70000000000230A68E6
:107B600002604A68C1E9003342608A688B608260C3
:107B70007047000010B50446006808B1014B9847F3
:107B8000204610BD0000000010B50446006808B192
:107B9000034B98470023C4E90133236010BD00BFA5
:107BA0000000000038B504460D460068034B013163
:107BB000984710B1C4E90005012038BD000000005D
:107BC00010B50368044613B143688B4207D22046C0
:107BD000044B984720B1A3680BB9226813700120A9
:107BE00010BD00BF0000000070B50B4B0E461146E3
:107BF00004461546984720B92046084B984720462A
:107C000070BD2A463146064B2068A5609847002182
:107C10002268A368D154F2E70000000000000000D1
:107C20000000000038B5002304460D46C0E90033CB
:107C3000836039B10846044B984729460246034BF6
:107C400020469847204638BD000000000000000094
:107C5000884238B505460C460CD0074B006898475B
:107C600023682B60A368AB6063686B600023C4E982
:107C70000133236038BD00BF00000000884210B50A
:107C80000B46044604D0096821B19A68034B984713
:107C9000204610BD024B9847FAE700BF00000000E5
:107CA00000000000002310B50446C0E900338360E3
:107CB000014B9847204610BD0000000010B5044657
:107CC000014B9847204610BD0000000038B505461E
:107CD0000C4649B10846064B984721460246054BDB
:107CE00028469847284638BD034B9847FAE700BF17
:107CF00000000000000000000000000010B500239C
:107D000004468AB00846C4E90033A36001A9044BC5
:107D100098472046034B01A9984720460AB010BD5A
:107D20000000000000000000F8B5044616460F46AB
:107D300009B90020F8BD8AB18568094B1544294668
:107D400098470028F5D0A368206832461844394681
:107D5000044B984700222368A5605A550120E9E7A3
:107D600000000000000000008A68014B0968184705
:107D70000000000007B5054B8DF8071001220DF13A
:107D80000701984703B05DF804FB00BF0000000046
:107D9000034600680A46096820B149B99B685BB18F
:107DA0000078704731B1906838B108784042704728
:107DB000024B1847084670471846704700000000FD
:107DC00008B58B6882689A4205D1044B9847B0FA8F
:107DD00080F0400908BD0020FCE700BF0000000063
:107DE00008B582682AB959B10878B0FA80F040091C
:107DF00008BD006809B90078F7E7024B9847F4E737
:107E00000120F5E700000000F0B503468BB00846FE
:107E100069B3911E222931D80A2A06D1002B04DA2F
:107E200001265B4201AD29460EE00026FAE7B3FBCE
:107E3000F2F402FB14372346092FFCB294BF30340E
:107E40005734E4B201F8014B002BF0D1A942EED037
:107E5000034616B12D2203F8012B1C460A46AA42FE
:107E600007D84A1B8D4288BF0022002199540BB0CD
:107E7000F0BD12F8016D04F8016BF0E70020F6E7A1
:107E8000004B184700000000004B1847000000009E
:107E9000004B184700000000004B1847000000008E
:107EA000004B184700000000004B1847000000007E
:107EB000004B184700000000004B1847000000006E
:107EC000004B184700000000004B1847000000005E
:107ED000004B18470000000040F2000CC0F2000CFC
:107EE000604740F2000CC0F2000C604740F2000C0A
:107EF000C0F2000C604740F2000CC0F2000C60477A
:107F000040F2000CC0F2000C604740F2000CC0F2DE
:107F1000000C604740F2000CC0F2000C604740F2D9
:107F2000000CC0F2000C604740F2000CC0F2000CE4
:107F3000604740F2000CC0F2000C604740F2000CB9
:107F4000C0F2000C604740F2000CC0F2000C604729
:107F500040F2000CC0F2000C60470000004B1847D4
:107F60000000000008B5014B984700BF000000006A
:107F70007047000038B5054B9847054B9847054BAF
:107F80009847054D054CA847A047FCE700000000B6
:107F900000000000000000000000000000000000E1
:107FA000012838BF0120014B184700BF0000000026
:107FB000004B18470000000008467047004B184768
:107FC00000000000004B1847000000002DE9F04FB2
:107FD000154C164E164FDFF85C8089B02546B54229
:107FE00004F1300402D309B0BDE8F08F14ED027B38
:107FF00054E90C0154E90A2354E908CE54E9069ADD
:1080000054F810BC8DED067BCDE903ABCDE901E959
:10801000CDF800C0B84754F8300C54F80C1CC047D9
:1080200054F8303C5D65D9E7000000000000000016
:108030000000000000000000034670B40C46DA881F
:10804000006819792243012405698C402B6812F0DD
:10805000010F866814BF2343A3432B60336870BCB1
:1080600018470000452813D8032911D8DFE801F08C
:10807000020D090B4FF48031064B03EBC000064B99
:1080800018470649F8E70649F6E74FF4C021F3E739
:10809000704700BF880000000000000010000100D1
:1080A00020000100452803460A4615D80B4951F81F
:1080B000300001EBC3010123097903FA01F10369DF
:1080C0001B68194203D022B183681B6903E0002AB0
:1080D000FAD08368DB681847704700BF880000004B
:1080E000004B18470000000010B5034B9847034CA5
:1080F0000A220023A04710BD00000000000000007D
:108100002DE9F743046A0546002C3AD12A4B28464C
:10811000984730B9294B2846984710B110F1780F8D
:108120002CD10023264A52F8330002EBC3018542CA
:108130002DD1486878BB002020E0013334F81320AB
:10814000024492B28A42F8D94FF02409DFF88080C5
:108150001C4F04EB4306A7EB0807B7FBF9F7A64251
:10816000D4D034F9020B0028F9DD8742F7D3013867
:1081700009FB0080FFF7C4FF0028F0DA03B0BDE878
:10818000F083002347F6FF704FF6FD71D6E7013309
:10819000112BC8D1CFE700210B4B01AA984700282B
:1081A00007DB019B002219791868084B98470028C3
:1081B000C1DA831CE2D1BEE700000000000000002D
:1081C00000000000000000000000000000000000AF
:1081D0000000000008B1024B18476FF0150070470F
:1081E000000000008368DB6903B11847704703682B
:1081F00040F213421B6A184707B503688DF8071051
:1082000001225B680DF10701984703B05DF804FB9C
:1082100001207047004B1847000000000049084744
:108220000000000037B5044600F654054FF0FF3259
:108230004FF0FF3328460A4988470A4B04F5886007
:1082400001220DF1070198470446074B284698473D
:108250001CB19DF8070003B030BD4FF0FF30FAE7C6
:1082600000000000000000000000000037B50446D8
:1082700000F654054FF0FF324FF0FF3328460A490D
:1082800088470A4B04F5886001220DF107019847E1
:108290000446074B284698471CB19DF8070003B0D9
:1082A00030BD4FF0FF30FAE7000000000000000092
:1082B0000000000038B5044600F5856528460849E9
:1082C0004FF0FF324FF0FF338847228C238B646AD4
:1082D0009B1A9BB22846E41A024B9847204638BDA9
:1082E000000000000000000070B5054600F65406CE
:1082F0004FF0FF32304607494FF0FF338847B5F85B
:108300004A34B5F846443046E41AA4B2024B9847C2
:10831000204670BD0000000000000000002337B5BB
:108320008DF8073002F00F03012B0446009148D06E
:10833000991E4B424B418DF8043002F0F003202B84
:1083400041D0302B0CBF0323012302F47062B2F53D
:10835000007F8DF8053038D0B2F5407F37D0B2F5C8
:10836000807F0CBF002303238DF806302069194B52
:10837000984720698368DB680BB169469847206994
:10838000836823B19B6C13B122461349984704F6C6
:1083900054054FF0FF32284610494FF0FF3388470D
:1083A00000232846C4F84434C4F84834C4F84C3494
:1083B0000B4B9847206983689B6A03B1984703B0C9
:1083C00030BD0223B7E70223BFE70123CCE7022336
:1083D000CAE700BF0000000000000000000000002D
:1083E000000000000069014B184700BF00000000BA
:1083F00038B50446084D628BE38B9A4207D1064D8F
:10840000206983681B6B0BB1984710B138BDA84732
:10841000F1E7A847F4E700BF000000002DE9F84F9E
:108420000446884615460026DFF85890DFF858B015
:1084300004F585674FF0FF324FF0FF333846C847E9
:10844000AA1B08EB06010C4B04F114009847824666
:108450003846D8475644BAF1000F04D12069074B7B
:108460009847074B9847B542E2D12069034B98479C
:108470002846BDE8F88F00BF0000000000000000A3
:108480000000000000000000000000002DE9F3479C
:108490000446006983685B6C43BB04F65406002203
:1084A000002330462E4DA8472E4F206983685B6B12
:1084B00013BB206983689B6913BB304604F585674D
:1084C000294EB047002200233846A847628BE38B31
:1084D0009A4204D1206983681B6A03B19847DFF888
:1084E0008C90DFF88CA004F1140819E0984700285C
:1084F000D3D102B0BDE8F08798470028D9D1DCE796
:10850000082269469847021ED7DD082A28BF08229C
:10851000694604F58860B847C7E769464046D047D2
:10852000206983685B6ABBB9658BE38BED1AADB2DA
:108530007DB1082D28BF082569462A464046C84710
:10854000206983685B6923B12A4669469847021E01
:10855000E3DA3846B047CCE798470028E4D1F8E79B
:10856000000000000000000000000000000000000B
:10857000000000000846014B184700BF0000000043
:1085800010B504460122084B114600F214409847EA
:1085900004F1140323600023C4E90133E3604FF4C2
:1085A00080632361204610BD000000002DE9F041EA
:1085B0004FF000084FF47A77134D144E144B154CBE
:1085C00005F114002B61C5E901872E60A04705F570
:1085D0008860114DA047114B05F114002B61C5E9CE
:1085E00001872E60A04705F588600D4DA0470D4B13
:1085F00005F11400C5E901872E602B61A04705F540
:108600008860A047BDE8F08100000000080000007D
:10861000000000000000000000000000000000005A
:10862000000000000000000008B50420FFF7FEFF76
:10863000024B034A03490360FFF7FEFF08000000F6
:10864000000000000000000038B505460820FFF7D4
:10865000FEFF04462946FFF7FEFF054A204605496E
:10866000FFF7FEFF2046FFF7FEFFFFF7FEFF00BF0C
:10867000000000000000000038B505460820FFF7A4
:10868000FEFF04462946FFF7FEFF054A204605493E
:10869000FFF7FEFF2046FFF7FEFFFFF7FEFF00BFDC
:1086A0000000000000000000004870476604000061
:1086B000034B10B504460360FFF7FEFF204610BDD4
:1086C0000800000010B50446FFF7FEFF2046FFF744
:1086D000FEFF204610BD000008B50420FFF7FEFF96
:1086E000024B034A03490360FFF7FEFF0800000046
:1086F00000000000000000000048704778040000FF
:10870000034B10B504460360FFF7FEFF204610BD83
:108710000800000010B50446FFF7FEFF04212046C4
:10872000FFF7FEFF204610BD70470000034B10B559
:1087300004460360FFF7FEFF204610BD080000005E
:1087400010B50446FFF7FEFF0C212046FFF7FEFFA1
:10875000204610BD2DE9F041DDF8188006460F4691
:10876000154690451C460BD0B0682A46394603682A
:10877000CDF818801E6A2346B446BDE8F041604734
:108780001946FFF7FEFF0028EED00620BDE8F08175
:108790002DE9F14F0D461946814617469846DDE909
:1087A0000A4BDDE90CA6FFF7FEFF90B1002D346007
:1087B000377109DB2C44A24514BF01240624B4718F
:1087C000002001B0BDE8F08F0235F9D10123B3716B
:1087D000F6E7544506D159464846FFF7FEFF08B173
:1087E0007771EDE7D9F808003A4629460368CDE9E4
:1087F0000CA6CDE90A4BDC694346A44601B0BDE8AE
:10880000F04F60472DE9F04107460C4615461E46DD
:10881000FFF7FEFF48B9B8682A46214603689F69FA
:108820003346BC46BDE8F0416047BDE8F081704783
:1088300000207047814208B50ED0406803782A2B8B
:108840000CD049680B782A2B08BF0131FFF7FEFFD7
:10885000B0FA80F0400908BD0120FCE70020FAE7EB
:1088600040687047074B13B504460360406801A990
:108870000C38FFF7FEFF2046FFF7FEFF204602B050
:1088800010BD00BF0800000010B50446FFF7FEFF52
:108890002046FFF7FEFF204610BD0000034B10B539
:1088A00004460360FFF7FEFF204610BD08000000ED
:1088B00010B50446FFF7FEFF2046FFF7FEFF2046F7
:1088C00010BD000088422DE9F04104460D4618D045
:1088D000A0B1A1EB000800214046FFF7FEFF00F128
:1088E0000C070646214638462A46FFF7FEFF41465A
:1088F0003046FFF7FEFF3846BDE8F0810248FFF73B
:10890000FEFF024FF7E700BF870400000C000000E5
:1089100070B5054616460C4649B10846FFF7FEFFFE
:10892000211832462046FFF7FEFF286070BD4FF049
:10893000FF31F6E7084B13B5044601AA40F8043BA3
:10894000FFF7FEFF04E02046FFF7FEFFFFF7FEFF04
:10895000204602B010BD00BF0800000010B504465C
:10896000FFF7FEFF014B2046236010BD080000000A
:1089700013B504460846114601AA0144FFF7FEFF5D
:108980002060204602B010BD012A30B403D10B781C
:10899000037030BC7047002AFBD030BCFFF7FEBF2D
:1089A000521A08B5FFF7FEFF08BD0000044B9842BD
:1089B00004D000230160836008440373704700BF44
:1089C00000000000154B984210B5044602D9144827
:1089D000FFF7FEFF884203D94B00984238BF1C4680
:1089E00004F11D0304F10D00B3F5805F12D98C4230
:1089F00010D9C3F30B0304F58054E41A074B9C42CF
:108A000028BF1C4604F10D00FFF7FEFF0022446062
:108A1000826010BD0028F7DAFFF7FEFFFCFFFF3F82
:108A2000B1040000FFF7FEBF054A904210B506D022
:108A30008268541E002A846001DCFFF7FEFF10BD2F
:108A4000000000000AB1FFF7FEBF7047081E08B51E
:108A500001DAFFF7FEFFBDE80840FFF7FEBF50F860
:108A6000083B1B1A58425841704700000B68B3F18D
:108A7000804F10B502D30B48FFF7FEFF93420CD98D
:108A8000B3EB420F4FEA420407D2B4F1804F2DBF3F
:108A90006FF0404323460C600B60591CFFF7FEFF4C
:108AA00010BD00BFFD04000010B50446FFF7FEFF37
:108AB00020B92068BDE81040FFF7FEBF10BD012AB5
:108AC00010B404D10A785DF8044B027070475DF869
:108AD000044BFFF7FEBF10B50446FFF7FEFF08B9D1
:108AE000A06810BD0F20FCE737B504460191FFF7E1
:108AF000FEFF019B024683420FD901A92046FFF7E2
:108B0000FEFF6268216805460132FFF7FEFF20463E
:108B1000FFF7FEFF019B2560A36003B030BD00009E
:108B200000487047500400001368994204D153680C
:108B30001B1A584258417047002070477047000088
:108B40000048704749040000742A10B51ADC572AFF
:108B50000CDC4D2A07DC3B2A0CDC242A0EDC0F2A15
:108B600018DC0E2A16D9C0E9002116E0A2F158043B
:108B70000A4B0CE0A2F13C04094B08E0A2F12D03E2
:108B8000012BEFE7A2F17604182CECD8054BE3405B
:108B9000DB07E8D5044B0260436010BD9D00BF1F9A
:108BA0008F080200BF07F1012C0000007047C0E9E8
:108BB000002170474B68834204D10868831A5842E9
:108BC00058417047002070477047704710B5044601
:108BD000FFF7FEFF204610BD10B50446FFF7FEFF6D
:108BE000204610BD0B6810B586B004461B69684668
:108BF00098472046DDE90012FFF7FEFF04E06846D3
:108C0000FFF7FEFFFFF7FEFF6846FFF7FEFF204677
:108C100006B010BD13B514460A4601466846FFF774
:108C2000FEFF6368019A9A4206D100982368C31A2E
:108C30005842584102B010BD0020FBE72DE9F04337
:108C400000F108030026044690463C2785B00360E7
:108C50004660067239462046FFF7FEFF25683A4611
:108C6000404629462E70FFF7FEFF18B92846FFF749
:108C7000FEFF03E022280BD17F0000202368606004
:108C80001E546368002BE5D0204605B0BDE8F08394
:108C90002B78002BEAD1184BEC466A4603F1080901
:108CA0001868083353F8041CE6464B45AEE8030049
:108CB000F446F5D118680DF1080C9B88CEF8000039
:108CC000AEF8043013461A46083503CA624545F823
:108CD000080C45F8041C1346F5D1106828600D20D7
:108CE00013792B71CAE7236866601E702046FFF770
:108CF000FEFFFFF7FEFFF9E758040000064A0749A8
:108D0000074808B5FFF7FEFF034A06490648BDE8D5
:108D10000840FFF7FEBF00BF000000000000000099
:108D20002C00000000000000280000000B46014657
:108D30001846FFF7FEBF7FB50024102315461268C2
:108D4000CDE902340368CDE900449E696B46B04723
:108D50009DF8043003F00603062B05BF009B01209D
:108D600020462B6004B070BD009890420CBF0620D6
:108D700001207047034B10B504460360FFF7FEFF68
:108D8000204610BD0800000010B50446FFF7FEFFA6
:108D900008212046FFF7FEFF204610BD2DE9F041D7
:108DA000DDF818801F4606461546DDE9083498456B
:108DB00007D10799FFF7FEFF18B165710020BDE8E4
:108DC000F08139463046FFF7FEFF0028F6D0012338
:108DD000C4F800802571A371F0E738B515461C462C
:108DE000FFF7FEFF20B108232560E360062323710F
:108DF00038BD2DE9F04105460C4616461F46FFF7E3
:108E0000FEFF48B9032F07D823683246294620467B
:0C8E10005B69BDE8F0411847BDE8F08147
:1000000000000000E003000000000000D803000032
:1000100000000000E803000000000000F003000002
:1000200000000000F803000000000000B80300001A
:1000300000000000C003000000000000C803000032
:100040000000000020040000000000000004000088
:100050000000000008040000000000001004000080
:100060000000000018040000000000002804000048
:1000700000000000B003000000000000D0030000FA
:100080000000000000000000000000000700000069
:100090000000000006000000000000000300000057
:1000A0000000000000000000000000000C00000044
:1000B000000000000B000000000000000100000034
:1000C000000000000200000000000000040000002A
:1000D000000000000800000000000000090000000F
:1000E000000000000F000000000000000E000000F3
:1000F000000000000D0000000000000004000000EF
:1001000000000000050000000000000006000000E4
:1001100000000000070000000000000001000000D7
:100120000000000000000000000000000B000000C4
:10013000000000000A0000000000000002000000B3
:1001400000000000030000000000000001000000AB
:100150000000000006000000000000000200000097
:100160000000000007000000000000000200000086
:100170000000000008000000000000000300000074
:100180000000000009000000000000000500000061
:100190000000000004000000000000000600000055
:1001A0000000000004000000000000000700000044
:1001B0000000000006000000000000000800000031
:1001C0000000000007000000000000000E0000001A
:1001D0000000000009000000000000000F00000007
:1001E0000000000005000000000000000300000007
:1001F00000000000080000000000000000000000F7
:1002000000000000080000000000000001000000E5
:10021000000000000A000000000000000A000000CA
:10022000000000000B000000000000000C000000B7
:10023000000000000D000000000000000E000000A3
:10024000000000000F00000000000000000000009F
:10025000000000000100000000000000020000009B
:100260000000000003000000000000000400000087
:100270000000000005000000000000000600000073
:10028000000000000700000000000000080000005F
:100290000000000009000000000000000A0000004B
:1002A000000000000D00000000000000020000003F
:1002B00000000000030000006002000000000000D9
:1002C00020030000000100003003000006020000CF
:1002D0006002000002000000700200000200000046
:1002E0008002000002000000200300000201000064
:1002F0009002000002000000A002000002000000C6
:10030000B002000002000000C00200000400000073
:10031000E0020000040000000003000004000000F0
:100320006003000000000000600300000001000006
:1003300060030000030200006003000000000000F2
:1003400060030000000100007803000003020000C9
:1003500060030000000000006003000000010000D6
:100360009003000002020000600300000000000093
:100370006003000000010000A00300000302000071
:1003800060030000000000006003000000010000A6
:10039000B803000004020000600300000000000039
:1003A0006003000000010000D8030000010200000B
:1003B000B802000003000000D002000001000000AD
:1003C000D802000001000000E0020000020000006E
:1003D000F002000001000000F8020000010000002F
:1003E00000030000010000000803000001000000FD
:1003F00010030000010000001803000001000000CD
:100400002003000003000000380300000300000088
:100410005003000003000000680300000300000018
:1004200080030000030000009803000003000000A8
:1004300008000000000000000000000008000000AC
:100440000000000000000000080000005C05000043
:10045000000000000800000085050000000000000A
:10046000080000000000000008000000000000007C
:100470000000000008000000000000000000000074
:10048000080000000000000000000000080000005C
:100490000000000000000000080000000000000054
:1004A0000800000000000000000000000000000044
:1004B000000000000000000000000000000000003C
:1004C000000000000000000000000000000000002C
:1004D000000000000000000000000000000000001C
:1004E000000000000000000000000000000000000C
:1004F00000000000000000000000000000000000FC
:1005000000000000000000000000000000000000EB
:1005100000000000000000000000000000000000DB
:1005200000000000000000000000000000000000CB
:1005300000000000000000000000000000000000BB
:1005400000000000000000000000000000000000AB
:10055000000000000000000000000000000000009B
:10056000000000000000000000000000000000008B
:10057000000000000000000000000000000000007B
:10058000000000000000000000000000000000006B
:10059000000000000000000000000000000000005B
:1005A000000000000000000000000000000000004B
:1005B000000000000000000000000000000000003B
:1005C000000000000000000000000000000000002B
:1005D000000000000000000000000000000000001B
:1005E000000000000000000000000000000000000B
:1005F00000000000000000000000000000000000FB
:1006000000000000000000000000000000000000EA
:1006100000000000000000000000000000000000DA
:1006200000000000000000000000000000000000CA
:1006300000000000000000000000000000000000BA
:1006400000000000000000000000000000000000AA
:10065000000000000000000000000000000000009A
:10066000000000000000000000000000000000008A
:10067000000000000000000000000000000000007A
:10068000000000000000000000000000000000006A
:10069000000000000000000000000000000000005A
:1006A000000000000000000000000000000000004A
:1006B000000000000000000000000000000000003A
:1006C000000000000000000000000000000000002A
:1006D00000000000000000000000000048040000CE
:1006E000000000000000000000000000000000000A
:1006F00000000000000000000000000000000000FA
:100700000000000054040000000000000000000091
:1007100000000000000000000000000000000000D9
:1007200000000000000000000000000000000000C9
:1007300000000000000000000000000000000000B9
:1007400000000000000000000000000000000000A9
:100750000000000000000000000000000000000099
:100760000000000000000000000000000000000089
:100770000000000000000000000000000000000079
:100780000000000000000000000000000000000069
:100790000000000000000000000000000000000059
:1007A0000000000000000000000000000000000049
:1007B0000000000000000000000000000000000039
:1007C0000000000000000000000000000000000029
:1007D0000000000000000000000000000000000019
:1007E0000000000000000000000000000000000009
:1007F00000000000000000000000000000000000F9
:1008000000000000000000000000000000000000E8
:1008100000000000000000000000000000000000D8
:1008200000000000000000000000000000000000C8
:0C083000000000000000000000000000BC
:10083C004C4544530042555A5A455200070505058C
:10084C000702060202070701070407070107010751
:10085C00050507010107040701070704070507073A
:10086C00010101010705070507070507010700003E
:10087C00320000003300000034000000350000009E
:10088C003600000037000000556E657870656374A3
:10089C00656420726573706F6E7365207479706512
:1008AC0000556E6578706563746564205250432002
:1008BC00726573706F6E73652073697A650052652B
:1008CC0073756C74206E6F74207061727361626CDE
:1008DC00652028636865636B207479706529005204
:1008EC005043204572726F72206E6F74207061726B
:1008FC007361626C652028636865636B2074797022
:10090C00652900556E657870656374656420726541
:10091C0073706F6E7365207479706500556E6578B1
:10092C007065637465642052504320726573706FF8
:10093C006E73652073697A6500526573756C7420EB
:10094C006E6F74207061727361626C6520286368CD
:10095C0065636B2074797065290052504320457291
:10096C00726F72206E6F74207061727361626C654D
:10097C002028636865636B207479706529005F5F5C
:10098C00736166655F5F006D6F6E2F7265616400E9
:10099C006D6F6E2F7772697465006D6F6E2F636F5C
:1009AC006E6E656374656400546869732063616C72
:1009BC006C206973206E6F7420796574206578657E
:1009CC00637574656400546869732063616C6C2092
:1009DC006973206E6F206C6F6E6765722061766133
:1009EC00696C61626C6500004D697373696E672098
:1009FC0063616C6C20706172616D657465727320DB
:100A0C00285741524E494E473A2044656661756CF1
:100A1C007420706172616D207265736F6C7574698E
:100A2C006F6E206973206E6F7420696D706C656DCC
:100A3C00656E746564290057726F6E6720747970E7
:100A4C006520706172616D6574657220696E2070CD
:100A5C006F736974696F6E3A2000556E73657269B5
:100A6C00616C697A61626C6520706172616D65742C
:100A7C0065727320617272617900546F6F206D61C1
:100A8C006E7920706172616D65746572730000001F
:100A9C004403000040020000640300004002000018
:100AAC000404000040020000240400004002000086
:100ABC008407000040020000A40700004002000070
:100ACC006901000000000000890100000000000026
:100ADC004703000000020000670300000002000052
:100AEC00C702000000020000E70200000002000044
:100AFC00E80C000000020000080D000000020000DD
:100B0C00C80C000000000000A80C0000000200004F
:100B1C00A503000080050000C5030000800500004F
:100B2C00E5030000800500002503000080030000A1
:100B3C00260D000080050000460D00008005000019
:100B4C00A602000080050000860D00008003000056
:100B5C00C40B000040020000E40B00004002000047
:100B6C009000000000000000B00000000000000039
:100B7C00D000000000000000F000000000000000A9
:100B8C003004000000000000100400000000000011
:100B9C0061020000000000004103000000000000A2
:100BAC0061030000000000000202000000000000D1
:100BBC002202000000000000820200000000000081
:100BCC0002030000000000002203000000000000EF
:100BDC00420F000000000000620F00000000000047
:100BEC00820F000000000000610100000000000006
:100BFC00E103000000000000A10300000000000061
:100C0C00C1030000000000004302000000000000CF
:100C1C00546869732063616C6C206973206E6F205B
:100C2C006C6F6E67657220617661696C61626C6570
:100C3C0000546869732063616C6C206973206E6F5B
:100C4C0074207965742065786563757465640076C5
:100C5C006563746F723A3A72657365727665007685
:100C6C006563746F723A3A5F4D5F72616E67655F70
:100C7C00696E7365727400000073797374656D002E
:100C8C0067656E6572696300556E6B6E6F776E206B
:100C9C006572726F72006261645F66756E6374690F
:100CAC006F6E5F63616C6C007374643A3A6261647A
:100CBC005F616C6C6F630062617369635F73747204
:100CCC00696E673A3A5F535F636F6E7374727563E4
:100CDC0074206E756C6C206E6F742076616C696418
:100CEC000062617369635F737472696E673A3A5F2D
:100CFC00535F63726561746500766563746F723AF5
:100D0C003A5F4D5F7265616C6C6F635F61707065AB
:100D1C006E6400766563746F723A3A5F4D5F72650C
:100D2C00616C6C6F635F617070656E64006261739F
:100D3C0069635F737472696E673A3A5F4D5F637291
:100D4C0065617465004E31305F5F6378786162690C
:100D5C00763131375F5F636C6173735F7479706583
:100D6C005F696E666F45004E31305F5F6378786106
:100D7C006269763132305F5F73695F636C61737384
:100D8C005F747970655F696E666F45002A4E31320B
:100D9C005F474C4F42414C5F5F4E5F31323173794C
:100DAC007374656D5F6572726F725F636174656792
:100DBC006F727945002A4E31325F474C4F42414C9D
:100DCC005F5F4E5F31323267656E657269635F6576
:100DDC0072726F725F63617465676F727945004EF2
:100DEC005374335F563231346572726F725F636164
:100DFC007465676F72794500537431316C6F676934
:100E0C00635F6572726F7200537431326C656E671A
:100E1C0074685F6572726F7200537431376261640B
:100E2C005F66756E6374696F6E5F63616C6C0053A3
:100E3C0074396261645F616C6C6F63005374396503
:100E4C007863657074696F6E00537439747970656A
:100E5C005F696E666F004D435520737461727469DF
:100E6C006E67205250432042726964676520636F3D
:100E7C006D6D756E69636174696F6E006272696421
:100E8C00676500242F726573657400242F73657475
:100E9C004D61784D736753697A65007365745F674C
:100EAC006573747572655F666565646261636B001A
:100EBC00242F72656769737465720073686F775F4E
:100ECC00736B697000676573747572655F666565D1
:100EDC00646261636B5F76657273696F6E005379E0
:100EEC007374656D204865617020656E643A2025C9
:100EFC00700A0053797374656D20486561702073B6
:100F0C00746172743A2025700A00536B65746368BF
:100F1C0020486561702073746172743A2025702CBE
:0F0F2C002073697A652025700A006D61696E0077
:108E1C00FFFFFFFF0000000000000000000000004A
:108E2C000000000000000000000000000000000036
:108E3C000000000000000000E00600000807000031
:08B78800FA06000000000000B9
:10B7900000000000000000000000000000000000A9
:10B7A0000000000000000000000000000000000099
:10B7B0000000000000000000000000000000000089
:10B7C0000000000000000000000000000000000079
:08B7D000000000000000000071
:10B7D8000000000000000000000000000000000061
:10B7E8000000000000000000000000000000000051
:10B7F8000000000000000000000000000000000041
:10B808000000000000000000000000000000000030
:0400000300007F7505
:00000001FF
